{
  "run_id": "2026-06-04_103136_run_maxCSAM5_maxCSAM5",
  "max_csam_facilities": 5,
  "seed": 456,
  "objective": 4056832.000048,
  "deployed_count": 0,
  "deployed_facilities": [],
  "iterations": 10,
  "runtime_seconds": 3.1580700874328613
}