{
  "run_id": "2026-05-29_121851_default_run_maxCSAM3",
  "max_csam_facilities": 3,
  "seed": 456,
  "objective": 2440981.144644713,
  "deployed_count": 3,
  "deployed_facilities": [
    "m1",
    "m2",
    "m10"
  ],
  "iterations": 10,
  "runtime_seconds": 6.33636736869812
}