{
  "run_id": "2026-06-02_145902_default_run_maxCSAM3",
  "max_csam_facilities": 3,
  "seed": 789,
  "objective": 4171758.498068019,
  "deployed_count": 3,
  "deployed_facilities": [
    "m1",
    "m2",
    "m10"
  ],
  "iterations": 10,
  "runtime_seconds": 6.244960784912109
}