{
  "run_id": "2026-06-11_153117_run_maxCSAM5_maxCSAM5",
  "max_csam_facilities": 5,
  "seed": 456,
  "objective": 17443341.733392,
  "deployed_count": 0,
  "deployed_facilities": [],
  "iterations": 10,
  "runtime_seconds": 3.135369300842285
}