{
  "run_id": "2026-06-04_104819_run_maxCSAM3_maxCSAM3",
  "max_csam_facilities": 3,
  "seed": 456,
  "objective": 17443341.733385,
  "deployed_count": 0,
  "deployed_facilities": [],
  "iterations": 10,
  "runtime_seconds": 3.448575973510742
}