scenario,status,feasible,MAX_CSAM_FACILITIES,demand_mean,demand_variance,F_cost,SEED,objective,subproblem_cost,deployment_cost,deployed_count,deployed_facilities,budget_slack,total_demand,unmet_demand,unmet_demand_pct,unmet_in,unmet_queue,iterations,runtime_seconds,run_id,experiment_dir,scenario_name,max_csam_facilities,seed,demand_scale,flow_files,report_files
csam10_dm12.0_dv16.0_F100_s123,feasible,True,10,12.0,16.0,100,123,78201.19099170003,78001.19099170003,200.0,2.0,"m1,m2",8.0,14255.137737688196,0.0,0.0,0.0,0.0,20,160.1478807926178,2026-06-19_100335_sweep_csam10_dm12.0_dv16.0_F100_s123,experiments\2026-06-19_100335_sweep_csam10_dm12.0_dv16.0_F100_s123,csam10_dm12.0_dv16.0_F100_s123,10,123,1.0,"{'regular': 'experiments\\2026-06-19_100335_sweep_csam10_dm12.0_dv16.0_F100_s123\\visualizations\\flows_regular.csv', 'qq': 'experiments\\2026-06-19_100335_sweep_csam10_dm12.0_dv16.0_F100_s123\\visualizations\\flows_qq.csv'}","{'markdown': 'experiments\\2026-06-19_100335_sweep_csam10_dm12.0_dv16.0_F100_s123\\reports\\run_report.md', 'pdf': 'experiments\\2026-06-19_100335_sweep_csam10_dm12.0_dv16.0_F100_s123\\reports\\run_report.pdf'}"
csam10_dm12.0_dv16.0_F100_s42,feasible,True,10,12.0,16.0,100,42,85301.36667587011,85101.36673787018,200.0,2.0,"m1,m10",8.0,14585.199705445524,0.0,0.0,0.0,0.0,20,157.2125632762909,2026-06-19_095819_sweep_csam10_dm12.0_dv16.0_F100_s42,experiments\2026-06-19_095819_sweep_csam10_dm12.0_dv16.0_F100_s42,csam10_dm12.0_dv16.0_F100_s42,10,42,1.0,"{'regular': 'experiments\\2026-06-19_095819_sweep_csam10_dm12.0_dv16.0_F100_s42\\visualizations\\flows_regular.csv', 'qq': 'experiments\\2026-06-19_095819_sweep_csam10_dm12.0_dv16.0_F100_s42\\visualizations\\flows_qq.csv'}","{'markdown': 'experiments\\2026-06-19_095819_sweep_csam10_dm12.0_dv16.0_F100_s42\\reports\\run_report.md', 'pdf': 'experiments\\2026-06-19_095819_sweep_csam10_dm12.0_dv16.0_F100_s42\\reports\\run_report.pdf'}"
csam10_dm12.0_dv16.0_F100_s456,feasible,True,10,12.0,16.0,100,456,80572.85519202014,80372.85519202014,200.0,2.0,"m1,m10",8.0,14405.859019802248,0.0,0.0,0.0,0.0,20,158.24899005889893,2026-06-19_100057_sweep_csam10_dm12.0_dv16.0_F100_s456,experiments\2026-06-19_100057_sweep_csam10_dm12.0_dv16.0_F100_s456,csam10_dm12.0_dv16.0_F100_s456,10,456,1.0,"{'regular': 'experiments\\2026-06-19_100057_sweep_csam10_dm12.0_dv16.0_F100_s456\\visualizations\\flows_regular.csv', 'qq': 'experiments\\2026-06-19_100057_sweep_csam10_dm12.0_dv16.0_F100_s456\\visualizations\\flows_qq.csv'}","{'markdown': 'experiments\\2026-06-19_100057_sweep_csam10_dm12.0_dv16.0_F100_s456\\reports\\run_report.md', 'pdf': 'experiments\\2026-06-19_100057_sweep_csam10_dm12.0_dv16.0_F100_s456\\reports\\run_report.pdf'}"
csam10_dm12.0_dv4.0_F100_s123,feasible,True,10,12.0,4.0,100,123,80422.8586729549,80222.8586729549,200.0,2.0,"m1,m10",8.0,14326.772648170952,0.0,0.0,0.0,0.0,20,158.7693636417389,2026-06-19_094746_sweep_csam10_dm12.0_dv4.0_F100_s123,experiments\2026-06-19_094746_sweep_csam10_dm12.0_dv4.0_F100_s123,csam10_dm12.0_dv4.0_F100_s123,10,123,1.0,"{'regular': 'experiments\\2026-06-19_094746_sweep_csam10_dm12.0_dv4.0_F100_s123\\visualizations\\flows_regular.csv', 'qq': 'experiments\\2026-06-19_094746_sweep_csam10_dm12.0_dv4.0_F100_s123\\visualizations\\flows_qq.csv'}","{'markdown': 'experiments\\2026-06-19_094746_sweep_csam10_dm12.0_dv4.0_F100_s123\\reports\\run_report.md', 'pdf': 'experiments\\2026-06-19_094746_sweep_csam10_dm12.0_dv4.0_F100_s123\\reports\\run_report.pdf'}"
csam10_dm12.0_dv4.0_F100_s42,feasible,True,10,12.0,4.0,100,42,83990.35270049996,83790.35270049996,200.0,2.0,"m1,m10",8.0,14492.117318042623,0.0,0.0,0.0,0.0,20,156.41940307617188,2026-06-19_094233_sweep_csam10_dm12.0_dv4.0_F100_s42,experiments\2026-06-19_094233_sweep_csam10_dm12.0_dv4.0_F100_s42,csam10_dm12.0_dv4.0_F100_s42,10,42,1.0,"{'regular': 'experiments\\2026-06-19_094233_sweep_csam10_dm12.0_dv4.0_F100_s42\\visualizations\\flows_regular.csv', 'qq': 'experiments\\2026-06-19_094233_sweep_csam10_dm12.0_dv4.0_F100_s42\\visualizations\\flows_qq.csv'}","{'markdown': 'experiments\\2026-06-19_094233_sweep_csam10_dm12.0_dv4.0_F100_s42\\reports\\run_report.md', 'pdf': 'experiments\\2026-06-19_094233_sweep_csam10_dm12.0_dv4.0_F100_s42\\reports\\run_report.pdf'}"
csam10_dm12.0_dv4.0_F100_s456,feasible,True,10,12.0,4.0,100,456,81627.16649739999,81427.16649739999,200.0,2.0,"m1,m10",8.0,14402.929509901125,0.0,0.0,0.0,0.0,20,156.75339341163635,2026-06-19_094509_sweep_csam10_dm12.0_dv4.0_F100_s456,experiments\2026-06-19_094509_sweep_csam10_dm12.0_dv4.0_F100_s456,csam10_dm12.0_dv4.0_F100_s456,10,456,1.0,"{'regular': 'experiments\\2026-06-19_094509_sweep_csam10_dm12.0_dv4.0_F100_s456\\visualizations\\flows_regular.csv', 'qq': 'experiments\\2026-06-19_094509_sweep_csam10_dm12.0_dv4.0_F100_s456\\visualizations\\flows_qq.csv'}","{'markdown': 'experiments\\2026-06-19_094509_sweep_csam10_dm12.0_dv4.0_F100_s456\\reports\\run_report.md', 'pdf': 'experiments\\2026-06-19_094509_sweep_csam10_dm12.0_dv4.0_F100_s456\\reports\\run_report.pdf'}"
csam10_dm12.0_dv9.0_F100_s123,feasible,True,10,12.0,9.0,100,123,79296.41556085012,79096.41559145013,200.0,2.0,"m1,m2",8.0,14290.15897225643,0.0,0.0,0.0,0.0,20,157.03745555877686,2026-06-19_095542_sweep_csam10_dm12.0_dv9.0_F100_s123,experiments\2026-06-19_095542_sweep_csam10_dm12.0_dv9.0_F100_s123,csam10_dm12.0_dv9.0_F100_s123,10,123,1.0,"{'regular': 'experiments\\2026-06-19_095542_sweep_csam10_dm12.0_dv9.0_F100_s123\\visualizations\\flows_regular.csv', 'qq': 'experiments\\2026-06-19_095542_sweep_csam10_dm12.0_dv9.0_F100_s123\\visualizations\\flows_qq.csv'}","{'markdown': 'experiments\\2026-06-19_095542_sweep_csam10_dm12.0_dv9.0_F100_s123\\reports\\run_report.md', 'pdf': 'experiments\\2026-06-19_095542_sweep_csam10_dm12.0_dv9.0_F100_s123\\reports\\run_report.pdf'}"
csam10_dm12.0_dv9.0_F100_s42,feasible,True,10,12.0,9.0,100,42,84635.52893490001,84435.52893490001,200.0,2.0,"m1,m10",8.0,14538.175977063936,0.0,0.0,0.0,0.0,20,159.0681927204132,2026-06-19_095025_sweep_csam10_dm12.0_dv9.0_F100_s42,experiments\2026-06-19_095025_sweep_csam10_dm12.0_dv9.0_F100_s42,csam10_dm12.0_dv9.0_F100_s42,10,42,1.0,"{'regular': 'experiments\\2026-06-19_095025_sweep_csam10_dm12.0_dv9.0_F100_s42\\visualizations\\flows_regular.csv', 'qq': 'experiments\\2026-06-19_095025_sweep_csam10_dm12.0_dv9.0_F100_s42\\visualizations\\flows_qq.csv'}","{'markdown': 'experiments\\2026-06-19_095025_sweep_csam10_dm12.0_dv9.0_F100_s42\\reports\\run_report.md', 'pdf': 'experiments\\2026-06-19_095025_sweep_csam10_dm12.0_dv9.0_F100_s42\\reports\\run_report.pdf'}"
csam10_dm12.0_dv9.0_F100_s456,feasible,True,10,12.0,9.0,100,456,81096.13055125001,80896.13055125001,200.0,2.0,"m1,m10",8.0,14404.394264851688,0.0,0.0,0.0,0.0,20,157.86245489120483,2026-06-19_095304_sweep_csam10_dm12.0_dv9.0_F100_s456,experiments\2026-06-19_095304_sweep_csam10_dm12.0_dv9.0_F100_s456,csam10_dm12.0_dv9.0_F100_s456,10,456,1.0,"{'regular': 'experiments\\2026-06-19_095304_sweep_csam10_dm12.0_dv9.0_F100_s456\\visualizations\\flows_regular.csv', 'qq': 'experiments\\2026-06-19_095304_sweep_csam10_dm12.0_dv9.0_F100_s456\\visualizations\\flows_qq.csv'}","{'markdown': 'experiments\\2026-06-19_095304_sweep_csam10_dm12.0_dv9.0_F100_s456\\reports\\run_report.md', 'pdf': 'experiments\\2026-06-19_095304_sweep_csam10_dm12.0_dv9.0_F100_s456\\reports\\run_report.pdf'}"
csam10_dm15.0_dv16.0_F100_s123,feasible,True,10,15.0,16.0,100,123,119549.05979829999,119195.6033207999,400.0,4.0,"m1,m2,m3,m10",6.0,17853.545296341905,0.0,0.0,0.0,0.0,20,155.52165007591248,2026-06-19_102720_sweep_csam10_dm15.0_dv16.0_F100_s123,experiments\2026-06-19_102720_sweep_csam10_dm15.0_dv16.0_F100_s123,csam10_dm15.0_dv16.0_F100_s123,10,123,1.0,"{'regular': 'experiments\\2026-06-19_102720_sweep_csam10_dm15.0_dv16.0_F100_s123\\visualizations\\flows_regular.csv', 'qq': 'experiments\\2026-06-19_102720_sweep_csam10_dm15.0_dv16.0_F100_s123\\visualizations\\flows_qq.csv'}","{'markdown': 'experiments\\2026-06-19_102720_sweep_csam10_dm15.0_dv16.0_F100_s123\\reports\\run_report.md', 'pdf': 'experiments\\2026-06-19_102720_sweep_csam10_dm15.0_dv16.0_F100_s123\\reports\\run_report.pdf'}"
csam10_dm15.0_dv16.0_F100_s42,feasible,True,10,15.0,16.0,100,42,126730.7051408,126330.7051408,400.0,4.0,"m1,m2,m3,m10",6.0,18184.234636085246,0.0,0.0,0.0,0.0,20,156.59971928596497,2026-06-19_102205_sweep_csam10_dm15.0_dv16.0_F100_s42,experiments\2026-06-19_102205_sweep_csam10_dm15.0_dv16.0_F100_s42,csam10_dm15.0_dv16.0_F100_s42,10,42,1.0,"{'regular': 'experiments\\2026-06-19_102205_sweep_csam10_dm15.0_dv16.0_F100_s42\\visualizations\\flows_regular.csv', 'qq': 'experiments\\2026-06-19_102205_sweep_csam10_dm15.0_dv16.0_F100_s42\\visualizations\\flows_qq.csv'}","{'markdown': 'experiments\\2026-06-19_102205_sweep_csam10_dm15.0_dv16.0_F100_s42\\reports\\run_report.md', 'pdf': 'experiments\\2026-06-19_102205_sweep_csam10_dm15.0_dv16.0_F100_s42\\reports\\run_report.pdf'}"
csam10_dm15.0_dv16.0_F100_s456,feasible,True,10,15.0,16.0,100,456,122004.3328719,121604.33291490003,400.0,4.0,"m1,m2,m3,m10",6.0,18005.85901980225,0.0,0.0,0.0,0.0,20,157.72613167762756,2026-06-19_102442_sweep_csam10_dm15.0_dv16.0_F100_s456,experiments\2026-06-19_102442_sweep_csam10_dm15.0_dv16.0_F100_s456,csam10_dm15.0_dv16.0_F100_s456,10,456,1.0,"{'regular': 'experiments\\2026-06-19_102442_sweep_csam10_dm15.0_dv16.0_F100_s456\\visualizations\\flows_regular.csv', 'qq': 'experiments\\2026-06-19_102442_sweep_csam10_dm15.0_dv16.0_F100_s456\\visualizations\\flows_qq.csv'}","{'markdown': 'experiments\\2026-06-19_102442_sweep_csam10_dm15.0_dv16.0_F100_s456\\reports\\run_report.md', 'pdf': 'experiments\\2026-06-19_102442_sweep_csam10_dm15.0_dv16.0_F100_s456\\reports\\run_report.pdf'}"
csam10_dm15.0_dv4.0_F100_s123,feasible,True,10,15.0,4.0,100,123,121872.80153419999,121472.8016425999,400.0,4.0,"m1,m2,m3,m10",6.0,17926.772648170954,0.0,0.0,0.0,0.0,20,158.7481288909912,2026-06-19_101132_sweep_csam10_dm15.0_dv4.0_F100_s123,experiments\2026-06-19_101132_sweep_csam10_dm15.0_dv4.0_F100_s123,csam10_dm15.0_dv4.0_F100_s123,10,123,1.0,"{'regular': 'experiments\\2026-06-19_101132_sweep_csam10_dm15.0_dv4.0_F100_s123\\visualizations\\flows_regular.csv', 'qq': 'experiments\\2026-06-19_101132_sweep_csam10_dm15.0_dv4.0_F100_s123\\visualizations\\flows_qq.csv'}","{'markdown': 'experiments\\2026-06-19_101132_sweep_csam10_dm15.0_dv4.0_F100_s123\\reports\\run_report.md', 'pdf': 'experiments\\2026-06-19_101132_sweep_csam10_dm15.0_dv4.0_F100_s123\\reports\\run_report.pdf'}"
csam10_dm15.0_dv4.0_F100_s42,feasible,True,10,15.0,4.0,100,42,125440.35272189988,125040.35275649995,400.0,4.0,"m1,m2,m3,m10",6.0,18092.117318042623,0.0,0.0,0.0,0.0,20,158.6579258441925,2026-06-19_100615_sweep_csam10_dm15.0_dv4.0_F100_s42,experiments\2026-06-19_100615_sweep_csam10_dm15.0_dv4.0_F100_s42,csam10_dm15.0_dv4.0_F100_s42,10,42,1.0,"{'regular': 'experiments\\2026-06-19_100615_sweep_csam10_dm15.0_dv4.0_F100_s42\\visualizations\\flows_regular.csv', 'qq': 'experiments\\2026-06-19_100615_sweep_csam10_dm15.0_dv4.0_F100_s42\\visualizations\\flows_qq.csv'}","{'markdown': 'experiments\\2026-06-19_100615_sweep_csam10_dm15.0_dv4.0_F100_s42\\reports\\run_report.md', 'pdf': 'experiments\\2026-06-19_100615_sweep_csam10_dm15.0_dv4.0_F100_s42\\reports\\run_report.pdf'}"
csam10_dm15.0_dv4.0_F100_s456,feasible,True,10,15.0,4.0,100,456,123077.16635609996,122677.16648069998,400.0,4.0,"m1,m2,m3,m10",6.0,18002.929509901125,0.0,0.0,0.0,0.0,20,158.22512197494507,2026-06-19_100854_sweep_csam10_dm15.0_dv4.0_F100_s456,experiments\2026-06-19_100854_sweep_csam10_dm15.0_dv4.0_F100_s456,csam10_dm15.0_dv4.0_F100_s456,10,456,1.0,"{'regular': 'experiments\\2026-06-19_100854_sweep_csam10_dm15.0_dv4.0_F100_s456\\visualizations\\flows_regular.csv', 'qq': 'experiments\\2026-06-19_100854_sweep_csam10_dm15.0_dv4.0_F100_s456\\visualizations\\flows_qq.csv'}","{'markdown': 'experiments\\2026-06-19_100854_sweep_csam10_dm15.0_dv4.0_F100_s456\\reports\\run_report.md', 'pdf': 'experiments\\2026-06-19_100854_sweep_csam10_dm15.0_dv4.0_F100_s456\\reports\\run_report.pdf'}"
csam10_dm15.0_dv9.0_F100_s123,feasible,True,10,15.0,9.0,100,123,120734.20251700007,120334.20257780007,400.0,4.0,"m1,m2,m3,m10",6.0,17890.15897225643,0.0,0.0,0.0,0.0,20,156.3870334625244,2026-06-19_101929_sweep_csam10_dm15.0_dv9.0_F100_s123,experiments\2026-06-19_101929_sweep_csam10_dm15.0_dv9.0_F100_s123,csam10_dm15.0_dv9.0_F100_s123,10,123,1.0,"{'regular': 'experiments\\2026-06-19_101929_sweep_csam10_dm15.0_dv9.0_F100_s123\\visualizations\\flows_regular.csv', 'qq': 'experiments\\2026-06-19_101929_sweep_csam10_dm15.0_dv9.0_F100_s123\\visualizations\\flows_qq.csv'}","{'markdown': 'experiments\\2026-06-19_101929_sweep_csam10_dm15.0_dv9.0_F100_s123\\reports\\run_report.md', 'pdf': 'experiments\\2026-06-19_101929_sweep_csam10_dm15.0_dv9.0_F100_s123\\reports\\run_report.pdf'}"
csam10_dm15.0_dv9.0_F100_s42,feasible,True,10,15.0,9.0,100,42,126085.52886380002,125685.52894419998,400.0,4.0,"m1,m2,m3,m10",6.0,18138.175977063936,0.0,0.0,0.0,0.0,20,159.3264181613922,2026-06-19_101411_sweep_csam10_dm15.0_dv9.0_F100_s42,experiments\2026-06-19_101411_sweep_csam10_dm15.0_dv9.0_F100_s42,csam10_dm15.0_dv9.0_F100_s42,10,42,1.0,"{'regular': 'experiments\\2026-06-19_101411_sweep_csam10_dm15.0_dv9.0_F100_s42\\visualizations\\flows_regular.csv', 'qq': 'experiments\\2026-06-19_101411_sweep_csam10_dm15.0_dv9.0_F100_s42\\visualizations\\flows_qq.csv'}","{'markdown': 'experiments\\2026-06-19_101411_sweep_csam10_dm15.0_dv9.0_F100_s42\\reports\\run_report.md', 'pdf': 'experiments\\2026-06-19_101411_sweep_csam10_dm15.0_dv9.0_F100_s42\\reports\\run_report.pdf'}"
csam10_dm15.0_dv9.0_F100_s456,feasible,True,10,15.0,9.0,100,456,122540.74962380005,122140.74972540005,400.0,4.0,"m1,m2,m3,m10",6.0,18004.394264851686,0.0,0.0,0.0,0.0,20,158.516437292099,2026-06-19_101650_sweep_csam10_dm15.0_dv9.0_F100_s456,experiments\2026-06-19_101650_sweep_csam10_dm15.0_dv9.0_F100_s456,csam10_dm15.0_dv9.0_F100_s456,10,456,1.0,"{'regular': 'experiments\\2026-06-19_101650_sweep_csam10_dm15.0_dv9.0_F100_s456\\visualizations\\flows_regular.csv', 'qq': 'experiments\\2026-06-19_101650_sweep_csam10_dm15.0_dv9.0_F100_s456\\visualizations\\flows_qq.csv'}","{'markdown': 'experiments\\2026-06-19_101650_sweep_csam10_dm15.0_dv9.0_F100_s456\\reports\\run_report.md', 'pdf': 'experiments\\2026-06-19_101650_sweep_csam10_dm15.0_dv9.0_F100_s456\\reports\\run_report.pdf'}"
csam10_dm18.0_dv16.0_F100_s123,feasible,True,10,18.0,16.0,100,123,160965.91710395002,160445.60337110015,600.0,6.0,"m1,m2,m3,m4,m5,m10",4.0,21453.545296341905,0.0,0.0,0.0,0.0,20,157.4698030948639,2026-06-19_105040_sweep_csam10_dm18.0_dv16.0_F100_s123,experiments\2026-06-19_105040_sweep_csam10_dm18.0_dv16.0_F100_s123,csam10_dm18.0_dv16.0_F100_s123,10,123,1.0,"{'regular': 'experiments\\2026-06-19_105040_sweep_csam10_dm18.0_dv16.0_F100_s123\\visualizations\\flows_regular.csv', 'qq': 'experiments\\2026-06-19_105040_sweep_csam10_dm18.0_dv16.0_F100_s123\\visualizations\\flows_qq.csv'}","{'markdown': 'experiments\\2026-06-19_105040_sweep_csam10_dm18.0_dv16.0_F100_s123\\reports\\run_report.md', 'pdf': 'experiments\\2026-06-19_105040_sweep_csam10_dm18.0_dv16.0_F100_s123\\reports\\run_report.pdf'}"
csam10_dm18.0_dv16.0_F100_s42,feasible,True,10,18.0,16.0,100,42,168180.70503445974,167580.7051549997,600.0,6.0,"m1,m2,m3,m4,m5,m10",4.0,21784.234636085246,0.0,0.0,0.0,0.0,20,155.55462265014648,2026-06-19_104528_sweep_csam10_dm18.0_dv16.0_F100_s42,experiments\2026-06-19_104528_sweep_csam10_dm18.0_dv16.0_F100_s42,csam10_dm18.0_dv16.0_F100_s42,10,42,1.0,"{'regular': 'experiments\\2026-06-19_104528_sweep_csam10_dm18.0_dv16.0_F100_s42\\visualizations\\flows_regular.csv', 'qq': 'experiments\\2026-06-19_104528_sweep_csam10_dm18.0_dv16.0_F100_s42\\visualizations\\flows_qq.csv'}","{'markdown': 'experiments\\2026-06-19_104528_sweep_csam10_dm18.0_dv16.0_F100_s42\\reports\\run_report.md', 'pdf': 'experiments\\2026-06-19_104528_sweep_csam10_dm18.0_dv16.0_F100_s42\\reports\\run_report.pdf'}"
csam10_dm18.0_dv16.0_F100_s456,feasible,True,10,18.0,16.0,100,456,163454.3328489997,162854.3329319996,600.0,6.0,"m1,m2,m3,m4,m5,m10",4.0,21605.85901980225,0.0,0.0,0.0,0.0,20,156.48552894592285,2026-06-19_104804_sweep_csam10_dm18.0_dv16.0_F100_s456,experiments\2026-06-19_104804_sweep_csam10_dm18.0_dv16.0_F100_s456,csam10_dm18.0_dv16.0_F100_s456,10,456,1.0,"{'regular': 'experiments\\2026-06-19_104804_sweep_csam10_dm18.0_dv16.0_F100_s456\\visualizations\\flows_regular.csv', 'qq': 'experiments\\2026-06-19_104804_sweep_csam10_dm18.0_dv16.0_F100_s456\\visualizations\\flows_qq.csv'}","{'markdown': 'experiments\\2026-06-19_104804_sweep_csam10_dm18.0_dv16.0_F100_s456\\reports\\run_report.md', 'pdf': 'experiments\\2026-06-19_104804_sweep_csam10_dm18.0_dv16.0_F100_s456\\reports\\run_report.pdf'}"
csam10_dm18.0_dv4.0_F100_s123,feasible,True,10,18.0,4.0,100,123,163232.95855150005,162722.80158279993,600.0,6.0,"m1,m2,m3,m4,m5,m10",4.0,21526.772648170954,0.0,0.0,0.0,0.0,20,153.91597723960876,2026-06-19_103506_sweep_csam10_dm18.0_dv4.0_F100_s123,experiments\2026-06-19_103506_sweep_csam10_dm18.0_dv4.0_F100_s123,csam10_dm18.0_dv4.0_F100_s123,10,123,1.0,"{'regular': 'experiments\\2026-06-19_103506_sweep_csam10_dm18.0_dv4.0_F100_s123\\visualizations\\flows_regular.csv', 'qq': 'experiments\\2026-06-19_103506_sweep_csam10_dm18.0_dv4.0_F100_s123\\visualizations\\flows_qq.csv'}","{'markdown': 'experiments\\2026-06-19_103506_sweep_csam10_dm18.0_dv4.0_F100_s123\\reports\\run_report.md', 'pdf': 'experiments\\2026-06-19_103506_sweep_csam10_dm18.0_dv4.0_F100_s123\\reports\\run_report.pdf'}"
csam10_dm18.0_dv4.0_F100_s42,feasible,True,10,18.0,4.0,100,42,166890.35259639978,166290.35286699978,600.0,6.0,"m1,m2,m3,m4,m5,m10",4.0,21692.117318042623,0.0,0.0,0.0,0.0,20,154.85056138038635,2026-06-19_102955_sweep_csam10_dm18.0_dv4.0_F100_s42,experiments\2026-06-19_102955_sweep_csam10_dm18.0_dv4.0_F100_s42,csam10_dm18.0_dv4.0_F100_s42,10,42,1.0,"{'regular': 'experiments\\2026-06-19_102955_sweep_csam10_dm18.0_dv4.0_F100_s42\\visualizations\\flows_regular.csv', 'qq': 'experiments\\2026-06-19_102955_sweep_csam10_dm18.0_dv4.0_F100_s42\\visualizations\\flows_qq.csv'}","{'markdown': 'experiments\\2026-06-19_102955_sweep_csam10_dm18.0_dv4.0_F100_s42\\reports\\run_report.md', 'pdf': 'experiments\\2026-06-19_102955_sweep_csam10_dm18.0_dv4.0_F100_s42\\reports\\run_report.pdf'}"
csam10_dm18.0_dv4.0_F100_s456,feasible,True,10,18.0,4.0,100,456,164527.1663805997,163927.16643439975,600.0,6.0,"m1,m2,m3,m4,m5,m10",4.0,21602.929509901125,0.0,0.0,0.0,0.0,20,155.82762360572815,2026-06-19_103230_sweep_csam10_dm18.0_dv4.0_F100_s456,experiments\2026-06-19_103230_sweep_csam10_dm18.0_dv4.0_F100_s456,csam10_dm18.0_dv4.0_F100_s456,10,456,1.0,"{'regular': 'experiments\\2026-06-19_103230_sweep_csam10_dm18.0_dv4.0_F100_s456\\visualizations\\flows_regular.csv', 'qq': 'experiments\\2026-06-19_103230_sweep_csam10_dm18.0_dv4.0_F100_s456\\visualizations\\flows_qq.csv'}","{'markdown': 'experiments\\2026-06-19_103230_sweep_csam10_dm18.0_dv4.0_F100_s456\\reports\\run_report.md', 'pdf': 'experiments\\2026-06-19_103230_sweep_csam10_dm18.0_dv4.0_F100_s456\\reports\\run_report.pdf'}"
csam10_dm18.0_dv9.0_F100_s123,feasible,True,10,18.0,9.0,100,123,162099.4379607501,161584.20252639998,600.0,6.0,"m1,m2,m3,m4,m5,m10",4.0,21490.15897225643,0.0,0.0,0.0,0.0,20,157.28122067451477,2026-06-19_104251_sweep_csam10_dm18.0_dv9.0_F100_s123,experiments\2026-06-19_104251_sweep_csam10_dm18.0_dv9.0_F100_s123,csam10_dm18.0_dv9.0_F100_s123,10,123,1.0,"{'regular': 'experiments\\2026-06-19_104251_sweep_csam10_dm18.0_dv9.0_F100_s123\\visualizations\\flows_regular.csv', 'qq': 'experiments\\2026-06-19_104251_sweep_csam10_dm18.0_dv9.0_F100_s123\\visualizations\\flows_qq.csv'}","{'markdown': 'experiments\\2026-06-19_104251_sweep_csam10_dm18.0_dv9.0_F100_s123\\reports\\run_report.md', 'pdf': 'experiments\\2026-06-19_104251_sweep_csam10_dm18.0_dv9.0_F100_s123\\reports\\run_report.pdf'}"
csam10_dm18.0_dv9.0_F100_s42,feasible,True,10,18.0,9.0,100,42,167535.52882089993,166935.52896221998,600.0,6.0,"m1,m2,m3,m4,m5,m10",4.0,21738.175977063936,0.0,0.0,0.0,0.0,20,154.73068594932556,2026-06-19_103740_sweep_csam10_dm18.0_dv9.0_F100_s42,experiments\2026-06-19_103740_sweep_csam10_dm18.0_dv9.0_F100_s42,csam10_dm18.0_dv9.0_F100_s42,10,42,1.0,"{'regular': 'experiments\\2026-06-19_103740_sweep_csam10_dm18.0_dv9.0_F100_s42\\visualizations\\flows_regular.csv', 'qq': 'experiments\\2026-06-19_103740_sweep_csam10_dm18.0_dv9.0_F100_s42\\visualizations\\flows_qq.csv'}","{'markdown': 'experiments\\2026-06-19_103740_sweep_csam10_dm18.0_dv9.0_F100_s42\\reports\\run_report.md', 'pdf': 'experiments\\2026-06-19_103740_sweep_csam10_dm18.0_dv9.0_F100_s42\\reports\\run_report.pdf'}"
csam10_dm18.0_dv9.0_F100_s456,feasible,True,10,18.0,9.0,100,456,163990.74961739982,163390.74967579986,600.0,6.0,"m1,m2,m3,m4,m5,m10",4.0,21604.394264851686,0.0,0.0,0.0,0.0,20,155.6813325881958,2026-06-19_104015_sweep_csam10_dm18.0_dv9.0_F100_s456,experiments\2026-06-19_104015_sweep_csam10_dm18.0_dv9.0_F100_s456,csam10_dm18.0_dv9.0_F100_s456,10,456,1.0,"{'regular': 'experiments\\2026-06-19_104015_sweep_csam10_dm18.0_dv9.0_F100_s456\\visualizations\\flows_regular.csv', 'qq': 'experiments\\2026-06-19_104015_sweep_csam10_dm18.0_dv9.0_F100_s456\\visualizations\\flows_qq.csv'}","{'markdown': 'experiments\\2026-06-19_104015_sweep_csam10_dm18.0_dv9.0_F100_s456\\reports\\run_report.md', 'pdf': 'experiments\\2026-06-19_104015_sweep_csam10_dm18.0_dv9.0_F100_s456\\reports\\run_report.pdf'}"
csam1_dm12.0_dv16.0_F100_s123,feasible,True,1,12.0,16.0,100,123,99486.03332721,99386.033434835,100.0,1.0,m9,0.0,14255.137737688196,22.128708699999997,0.15523321561106632,0.0,22.128708699999997,20,188.798583984375,2026-06-18_225305_sweep_csam1_dm12.0_dv16.0_F100_s123,experiments\2026-06-18_225305_sweep_csam1_dm12.0_dv16.0_F100_s123,csam1_dm12.0_dv16.0_F100_s123,1,123,1.0,"{'regular': 'experiments\\2026-06-18_225305_sweep_csam1_dm12.0_dv16.0_F100_s123\\visualizations\\flows_regular.csv', 'qq': 'experiments\\2026-06-18_225305_sweep_csam1_dm12.0_dv16.0_F100_s123\\visualizations\\flows_qq.csv'}","{'markdown': 'experiments\\2026-06-18_225305_sweep_csam1_dm12.0_dv16.0_F100_s123\\reports\\run_report.md', 'pdf': 'experiments\\2026-06-18_225305_sweep_csam1_dm12.0_dv16.0_F100_s123\\reports\\run_report.pdf'}"
csam1_dm12.0_dv16.0_F100_s42,feasible,True,1,12.0,16.0,100,42,249560.7270808951,249460.7270808951,100.0,1.0,m9,0.0,14585.199705445524,170.124201,1.166416671939586,0.0,170.124201,3,27.312079668045044,2026-06-18_224935_sweep_csam1_dm12.0_dv16.0_F100_s42,experiments\2026-06-18_224935_sweep_csam1_dm12.0_dv16.0_F100_s42,csam1_dm12.0_dv16.0_F100_s42,1,42,1.0,"{'regular': 'experiments\\2026-06-18_224935_sweep_csam1_dm12.0_dv16.0_F100_s42\\visualizations\\flows_regular.csv', 'qq': 'experiments\\2026-06-18_224935_sweep_csam1_dm12.0_dv16.0_F100_s42\\visualizations\\flows_qq.csv'}","{'markdown': 'experiments\\2026-06-18_224935_sweep_csam1_dm12.0_dv16.0_F100_s42\\reports\\run_report.md', 'pdf': 'experiments\\2026-06-18_224935_sweep_csam1_dm12.0_dv16.0_F100_s42\\reports\\run_report.pdf'}"
csam1_dm12.0_dv16.0_F100_s456,feasible,True,1,12.0,16.0,100,456,130975.16151716506,130875.16198581507,100.0,1.0,m9,0.0,14405.859019802248,52.41839874,0.36386860837625745,0.0,52.41839874,20,182.54446005821228,2026-06-18_225002_sweep_csam1_dm12.0_dv16.0_F100_s456,experiments\2026-06-18_225002_sweep_csam1_dm12.0_dv16.0_F100_s456,csam1_dm12.0_dv16.0_F100_s456,1,456,1.0,"{'regular': 'experiments\\2026-06-18_225002_sweep_csam1_dm12.0_dv16.0_F100_s456\\visualizations\\flows_regular.csv', 'qq': 'experiments\\2026-06-18_225002_sweep_csam1_dm12.0_dv16.0_F100_s456\\visualizations\\flows_qq.csv'}","{'markdown': 'experiments\\2026-06-18_225002_sweep_csam1_dm12.0_dv16.0_F100_s456\\reports\\run_report.md', 'pdf': 'experiments\\2026-06-18_225002_sweep_csam1_dm12.0_dv16.0_F100_s456\\reports\\run_report.pdf'}"
csam1_dm12.0_dv4.0_F100_s123,feasible,True,1,12.0,4.0,100,123,123357.81857673,123257.81857673,100.0,1.0,m9,0.0,14326.772648170952,44.570191699999995,0.3110972219252053,0.0,44.570191699999995,3,21.901381254196167,2026-06-18_224238_sweep_csam1_dm12.0_dv4.0_F100_s123,experiments\2026-06-18_224238_sweep_csam1_dm12.0_dv4.0_F100_s123,csam1_dm12.0_dv4.0_F100_s123,1,123,1.0,"{'regular': 'experiments\\2026-06-18_224238_sweep_csam1_dm12.0_dv4.0_F100_s123\\visualizations\\flows_regular.csv', 'qq': 'experiments\\2026-06-18_224238_sweep_csam1_dm12.0_dv4.0_F100_s123\\visualizations\\flows_qq.csv'}","{'markdown': 'experiments\\2026-06-18_224238_sweep_csam1_dm12.0_dv4.0_F100_s123\\reports\\run_report.md', 'pdf': 'experiments\\2026-06-18_224238_sweep_csam1_dm12.0_dv4.0_F100_s123\\reports\\run_report.pdf'}"
csam1_dm12.0_dv4.0_F100_s42,feasible,True,1,12.0,4.0,100,42,218966.92470339997,218866.92470339997,100.0,1.0,m9,0.0,14492.117318042623,139.8208331,0.9648061082553041,0.0,139.8208331,20,146.1954801082611,2026-06-18_223746_sweep_csam1_dm12.0_dv4.0_F100_s42,experiments\2026-06-18_223746_sweep_csam1_dm12.0_dv4.0_F100_s42,csam1_dm12.0_dv4.0_F100_s42,1,42,1.0,"{'regular': 'experiments\\2026-06-18_223746_sweep_csam1_dm12.0_dv4.0_F100_s42\\visualizations\\flows_regular.csv', 'qq': 'experiments\\2026-06-18_223746_sweep_csam1_dm12.0_dv4.0_F100_s42\\visualizations\\flows_qq.csv'}","{'markdown': 'experiments\\2026-06-18_223746_sweep_csam1_dm12.0_dv4.0_F100_s42\\reports\\run_report.md', 'pdf': 'experiments\\2026-06-18_223746_sweep_csam1_dm12.0_dv4.0_F100_s42\\reports\\run_report.pdf'}"
csam1_dm12.0_dv4.0_F100_s456,feasible,True,1,12.0,4.0,100,456,157395.10093287,157295.10093287,100.0,1.0,m9,0.0,14402.929509901125,78.609065,0.5457852511599194,0.0,78.609065,20,144.90813374519348,2026-06-18_224013_sweep_csam1_dm12.0_dv4.0_F100_s456,experiments\2026-06-18_224013_sweep_csam1_dm12.0_dv4.0_F100_s456,csam1_dm12.0_dv4.0_F100_s456,1,456,1.0,"{'regular': 'experiments\\2026-06-18_224013_sweep_csam1_dm12.0_dv4.0_F100_s456\\visualizations\\flows_regular.csv', 'qq': 'experiments\\2026-06-18_224013_sweep_csam1_dm12.0_dv4.0_F100_s456\\visualizations\\flows_qq.csv'}","{'markdown': 'experiments\\2026-06-18_224013_sweep_csam1_dm12.0_dv4.0_F100_s456\\reports\\run_report.md', 'pdf': 'experiments\\2026-06-18_224013_sweep_csam1_dm12.0_dv4.0_F100_s456\\reports\\run_report.pdf'}"
csam1_dm12.0_dv9.0_F100_s123,feasible,True,1,12.0,9.0,100,123,109458.5012054001,109358.50175335511,100.0,1.0,m9,0.0,14290.15897225643,31.3459491,0.21935339670367882,0.0,31.3459491,20,190.3663399219513,2026-06-18_224624_sweep_csam1_dm12.0_dv9.0_F100_s123,experiments\2026-06-18_224624_sweep_csam1_dm12.0_dv9.0_F100_s123,csam1_dm12.0_dv9.0_F100_s123,1,123,1.0,"{'regular': 'experiments\\2026-06-18_224624_sweep_csam1_dm12.0_dv9.0_F100_s123\\visualizations\\flows_regular.csv', 'qq': 'experiments\\2026-06-18_224624_sweep_csam1_dm12.0_dv9.0_F100_s123\\visualizations\\flows_qq.csv'}","{'markdown': 'experiments\\2026-06-18_224624_sweep_csam1_dm12.0_dv9.0_F100_s123\\reports\\run_report.md', 'pdf': 'experiments\\2026-06-18_224624_sweep_csam1_dm12.0_dv9.0_F100_s123\\reports\\run_report.pdf'}"
csam1_dm12.0_dv9.0_F100_s42,feasible,True,1,12.0,9.0,100,42,234020.38789234,233920.38789234,100.0,1.0,m9,0.0,14538.175977063936,154.7312505,1.0643099295545106,0.0,154.7312505,3,22.177793502807617,2026-06-18_224300_sweep_csam1_dm12.0_dv9.0_F100_s42,experiments\2026-06-18_224300_sweep_csam1_dm12.0_dv9.0_F100_s42,csam1_dm12.0_dv9.0_F100_s42,1,42,1.0,"{'regular': 'experiments\\2026-06-18_224300_sweep_csam1_dm12.0_dv9.0_F100_s42\\visualizations\\flows_regular.csv', 'qq': 'experiments\\2026-06-18_224300_sweep_csam1_dm12.0_dv9.0_F100_s42\\visualizations\\flows_qq.csv'}","{'markdown': 'experiments\\2026-06-18_224300_sweep_csam1_dm12.0_dv9.0_F100_s42\\reports\\run_report.md', 'pdf': 'experiments\\2026-06-18_224300_sweep_csam1_dm12.0_dv9.0_F100_s42\\reports\\run_report.pdf'}"
csam1_dm12.0_dv9.0_F100_s456,feasible,True,1,12.0,9.0,100,456,141662.65187397003,141562.65187397003,100.0,1.0,m9,0.0,14404.394264851688,62.913598,0.43676670357125763,0.0,62.913598,20,182.22221732139587,2026-06-18_224322_sweep_csam1_dm12.0_dv9.0_F100_s456,experiments\2026-06-18_224322_sweep_csam1_dm12.0_dv9.0_F100_s456,csam1_dm12.0_dv9.0_F100_s456,1,456,1.0,"{'regular': 'experiments\\2026-06-18_224322_sweep_csam1_dm12.0_dv9.0_F100_s456\\visualizations\\flows_regular.csv', 'qq': 'experiments\\2026-06-18_224322_sweep_csam1_dm12.0_dv9.0_F100_s456\\visualizations\\flows_qq.csv'}","{'markdown': 'experiments\\2026-06-18_224322_sweep_csam1_dm12.0_dv9.0_F100_s456\\reports\\run_report.md', 'pdf': 'experiments\\2026-06-18_224322_sweep_csam1_dm12.0_dv9.0_F100_s456\\reports\\run_report.pdf'}"
csam1_dm15.0_dv16.0_F100_s123,infeasible_no_incumbent,False,1,15.0,16.0,100,123,,,0.0,,,,17853.545296341905,0.0,,0.0,0.0,20,216.99837040901184,2026-06-18_232340_sweep_csam1_dm15.0_dv16.0_F100_s123,experiments\2026-06-18_232340_sweep_csam1_dm15.0_dv16.0_F100_s123,csam1_dm15.0_dv16.0_F100_s123,1,123,1.0,{},
csam1_dm15.0_dv16.0_F100_s42,infeasible_no_incumbent,False,1,15.0,16.0,100,42,,,0.0,,,,18184.234636085246,0.0,,0.0,0.0,20,215.33851194381714,2026-06-18_231631_sweep_csam1_dm15.0_dv16.0_F100_s42,experiments\2026-06-18_231631_sweep_csam1_dm15.0_dv16.0_F100_s42,csam1_dm15.0_dv16.0_F100_s42,1,42,1.0,{},
csam1_dm15.0_dv16.0_F100_s456,infeasible_no_incumbent,False,1,15.0,16.0,100,456,,,0.0,,,,18005.85901980225,0.0,,0.0,0.0,20,214.0270643234253,2026-06-18_232006_sweep_csam1_dm15.0_dv16.0_F100_s456,experiments\2026-06-18_232006_sweep_csam1_dm15.0_dv16.0_F100_s456,csam1_dm15.0_dv16.0_F100_s456,1,456,1.0,{},
csam1_dm15.0_dv4.0_F100_s123,infeasible_no_incumbent,False,1,15.0,4.0,100,123,,,0.0,,,,17926.772648170954,0.0,,0.0,0.0,20,202.66534733772278,2026-06-18_230249_sweep_csam1_dm15.0_dv4.0_F100_s123,experiments\2026-06-18_230249_sweep_csam1_dm15.0_dv4.0_F100_s123,csam1_dm15.0_dv4.0_F100_s123,1,123,1.0,{},
csam1_dm15.0_dv4.0_F100_s42,infeasible_no_incumbent,False,1,15.0,4.0,100,42,,,0.0,,,,18092.117318042623,0.0,,0.0,0.0,20,192.1795313358307,2026-06-18_225614_sweep_csam1_dm15.0_dv4.0_F100_s42,experiments\2026-06-18_225614_sweep_csam1_dm15.0_dv4.0_F100_s42,csam1_dm15.0_dv4.0_F100_s42,1,42,1.0,{},
csam1_dm15.0_dv4.0_F100_s456,infeasible_no_incumbent,False,1,15.0,4.0,100,456,,,0.0,,,,18002.929509901125,0.0,,0.0,0.0,20,202.4669804573059,2026-06-18_225926_sweep_csam1_dm15.0_dv4.0_F100_s456,experiments\2026-06-18_225926_sweep_csam1_dm15.0_dv4.0_F100_s456,csam1_dm15.0_dv4.0_F100_s456,1,456,1.0,{},
csam1_dm15.0_dv9.0_F100_s123,infeasible_no_incumbent,False,1,15.0,9.0,100,123,,,0.0,,,,17890.15897225643,0.0,,0.0,0.0,20,211.32400488853455,2026-06-18_231259_sweep_csam1_dm15.0_dv9.0_F100_s123,experiments\2026-06-18_231259_sweep_csam1_dm15.0_dv9.0_F100_s123,csam1_dm15.0_dv9.0_F100_s123,1,123,1.0,{},
csam1_dm15.0_dv9.0_F100_s42,infeasible_no_incumbent,False,1,15.0,9.0,100,42,,,0.0,,,,18138.175977063936,0.0,,0.0,0.0,20,203.98358035087585,2026-06-18_230611_sweep_csam1_dm15.0_dv9.0_F100_s42,experiments\2026-06-18_230611_sweep_csam1_dm15.0_dv9.0_F100_s42,csam1_dm15.0_dv9.0_F100_s42,1,42,1.0,{},
csam1_dm15.0_dv9.0_F100_s456,infeasible_no_incumbent,False,1,15.0,9.0,100,456,,,0.0,,,,18004.394264851686,0.0,,0.0,0.0,20,204.15453171730042,2026-06-18_230935_sweep_csam1_dm15.0_dv9.0_F100_s456,experiments\2026-06-18_230935_sweep_csam1_dm15.0_dv9.0_F100_s456,csam1_dm15.0_dv9.0_F100_s456,1,456,1.0,{},
csam1_dm18.0_dv16.0_F100_s123,infeasible_no_incumbent,False,1,18.0,16.0,100,123,,,0.0,,,,21453.545296341905,0.0,,0.0,0.0,20,154.36264300346375,2026-06-18_235151_sweep_csam1_dm18.0_dv16.0_F100_s123,experiments\2026-06-18_235151_sweep_csam1_dm18.0_dv16.0_F100_s123,csam1_dm18.0_dv16.0_F100_s123,1,123,1.0,{},
csam1_dm18.0_dv16.0_F100_s42,infeasible_no_incumbent,False,1,18.0,16.0,100,42,,,0.0,,,,21784.234636085246,0.0,,0.0,0.0,20,155.00132131576538,2026-06-18_234640_sweep_csam1_dm18.0_dv16.0_F100_s42,experiments\2026-06-18_234640_sweep_csam1_dm18.0_dv16.0_F100_s42,csam1_dm18.0_dv16.0_F100_s42,1,42,1.0,{},
csam1_dm18.0_dv16.0_F100_s456,infeasible_no_incumbent,False,1,18.0,16.0,100,456,,,0.0,,,,21605.85901980225,0.0,,0.0,0.0,20,155.90399932861328,2026-06-18_234915_sweep_csam1_dm18.0_dv16.0_F100_s456,experiments\2026-06-18_234915_sweep_csam1_dm18.0_dv16.0_F100_s456,csam1_dm18.0_dv16.0_F100_s456,1,456,1.0,{},
csam1_dm18.0_dv4.0_F100_s123,infeasible_no_incumbent,False,1,18.0,4.0,100,123,,,0.0,,,,21526.772648170954,0.0,,0.0,0.0,20,212.44059658050537,2026-06-18_233418_sweep_csam1_dm18.0_dv4.0_F100_s123,experiments\2026-06-18_233418_sweep_csam1_dm18.0_dv4.0_F100_s123,csam1_dm18.0_dv4.0_F100_s123,1,123,1.0,{},
csam1_dm18.0_dv4.0_F100_s42,infeasible_no_incumbent,False,1,18.0,4.0,100,42,,,0.0,,,,21692.117318042623,0.0,,0.0,0.0,20,210.71866941452026,2026-06-18_232717_sweep_csam1_dm18.0_dv4.0_F100_s42,experiments\2026-06-18_232717_sweep_csam1_dm18.0_dv4.0_F100_s42,csam1_dm18.0_dv4.0_F100_s42,1,42,1.0,{},
csam1_dm18.0_dv4.0_F100_s456,infeasible_no_incumbent,False,1,18.0,4.0,100,456,,,0.0,,,,21602.929509901125,0.0,,0.0,0.0,20,210.39704537391663,2026-06-18_233048_sweep_csam1_dm18.0_dv4.0_F100_s456,experiments\2026-06-18_233048_sweep_csam1_dm18.0_dv4.0_F100_s456,csam1_dm18.0_dv4.0_F100_s456,1,456,1.0,{},
csam1_dm18.0_dv9.0_F100_s123,infeasible_no_incumbent,False,1,18.0,9.0,100,123,,,0.0,,,,21490.15897225643,0.0,,0.0,0.0,20,157.64242577552795,2026-06-18_234403_sweep_csam1_dm18.0_dv9.0_F100_s123,experiments\2026-06-18_234403_sweep_csam1_dm18.0_dv9.0_F100_s123,csam1_dm18.0_dv9.0_F100_s123,1,123,1.0,{},
csam1_dm18.0_dv9.0_F100_s42,infeasible_no_incumbent,False,1,18.0,9.0,100,42,,,0.0,,,,21738.175977063936,0.0,,0.0,0.0,20,215.1729063987732,2026-06-18_233751_sweep_csam1_dm18.0_dv9.0_F100_s42,experiments\2026-06-18_233751_sweep_csam1_dm18.0_dv9.0_F100_s42,csam1_dm18.0_dv9.0_F100_s42,1,42,1.0,{},
csam1_dm18.0_dv9.0_F100_s456,infeasible_no_incumbent,False,1,18.0,9.0,100,456,,,0.0,,,,21604.394264851686,0.0,,0.0,0.0,20,156.34028220176697,2026-06-18_234126_sweep_csam1_dm18.0_dv9.0_F100_s456,experiments\2026-06-18_234126_sweep_csam1_dm18.0_dv9.0_F100_s456,csam1_dm18.0_dv9.0_F100_s456,1,456,1.0,{},
csam2_dm12.0_dv16.0_F100_s123,feasible,True,2,12.0,16.0,100,123,78201.19094539997,78001.19099170003,200.0,2.0,"m1,m2",0.0,14255.137737688196,0.0,0.0,0.0,0.0,20,158.7167103290558,2026-06-19_001520_sweep_csam2_dm12.0_dv16.0_F100_s123,experiments\2026-06-19_001520_sweep_csam2_dm12.0_dv16.0_F100_s123,csam2_dm12.0_dv16.0_F100_s123,2,123,1.0,"{'regular': 'experiments\\2026-06-19_001520_sweep_csam2_dm12.0_dv16.0_F100_s123\\visualizations\\flows_regular.csv', 'qq': 'experiments\\2026-06-19_001520_sweep_csam2_dm12.0_dv16.0_F100_s123\\visualizations\\flows_qq.csv'}","{'markdown': 'experiments\\2026-06-19_001520_sweep_csam2_dm12.0_dv16.0_F100_s123\\reports\\run_report.md', 'pdf': 'experiments\\2026-06-19_001520_sweep_csam2_dm12.0_dv16.0_F100_s123\\reports\\run_report.pdf'}"
csam2_dm12.0_dv16.0_F100_s42,feasible,True,2,12.0,16.0,100,42,85301.36663107008,85101.36673787018,200.0,2.0,"m1,m10",0.0,14585.199705445524,0.0,0.0,0.0,0.0,20,156.58239030838013,2026-06-19_001003_sweep_csam2_dm12.0_dv16.0_F100_s42,experiments\2026-06-19_001003_sweep_csam2_dm12.0_dv16.0_F100_s42,csam2_dm12.0_dv16.0_F100_s42,2,42,1.0,"{'regular': 'experiments\\2026-06-19_001003_sweep_csam2_dm12.0_dv16.0_F100_s42\\visualizations\\flows_regular.csv', 'qq': 'experiments\\2026-06-19_001003_sweep_csam2_dm12.0_dv16.0_F100_s42\\visualizations\\flows_qq.csv'}","{'markdown': 'experiments\\2026-06-19_001003_sweep_csam2_dm12.0_dv16.0_F100_s42\\reports\\run_report.md', 'pdf': 'experiments\\2026-06-19_001003_sweep_csam2_dm12.0_dv16.0_F100_s42\\reports\\run_report.pdf'}"
csam2_dm12.0_dv16.0_F100_s456,feasible,True,2,12.0,16.0,100,456,80572.85518122013,80372.85519202014,200.0,2.0,"m1,m10",0.0,14405.859019802248,0.0,0.0,0.0,0.0,20,160.30594158172607,2026-06-19_001239_sweep_csam2_dm12.0_dv16.0_F100_s456,experiments\2026-06-19_001239_sweep_csam2_dm12.0_dv16.0_F100_s456,csam2_dm12.0_dv16.0_F100_s456,2,456,1.0,"{'regular': 'experiments\\2026-06-19_001239_sweep_csam2_dm12.0_dv16.0_F100_s456\\visualizations\\flows_regular.csv', 'qq': 'experiments\\2026-06-19_001239_sweep_csam2_dm12.0_dv16.0_F100_s456\\visualizations\\flows_qq.csv'}","{'markdown': 'experiments\\2026-06-19_001239_sweep_csam2_dm12.0_dv16.0_F100_s456\\reports\\run_report.md', 'pdf': 'experiments\\2026-06-19_001239_sweep_csam2_dm12.0_dv16.0_F100_s456\\reports\\run_report.pdf'}"
csam2_dm12.0_dv4.0_F100_s123,feasible,True,2,12.0,4.0,100,123,80422.8586142549,80222.8586729549,200.0,2.0,"m1,m10",0.0,14326.772648170952,0.0,0.0,0.0,0.0,20,155.84201049804688,2026-06-18_235939_sweep_csam2_dm12.0_dv4.0_F100_s123,experiments\2026-06-18_235939_sweep_csam2_dm12.0_dv4.0_F100_s123,csam2_dm12.0_dv4.0_F100_s123,2,123,1.0,"{'regular': 'experiments\\2026-06-18_235939_sweep_csam2_dm12.0_dv4.0_F100_s123\\visualizations\\flows_regular.csv', 'qq': 'experiments\\2026-06-18_235939_sweep_csam2_dm12.0_dv4.0_F100_s123\\visualizations\\flows_qq.csv'}","{'markdown': 'experiments\\2026-06-18_235939_sweep_csam2_dm12.0_dv4.0_F100_s123\\reports\\run_report.md', 'pdf': 'experiments\\2026-06-18_235939_sweep_csam2_dm12.0_dv4.0_F100_s123\\reports\\run_report.pdf'}"
csam2_dm12.0_dv4.0_F100_s42,feasible,True,2,12.0,4.0,100,42,83990.35256419993,83790.35270049996,200.0,2.0,"m1,m10",0.0,14492.117318042623,0.0,0.0,0.0,0.0,20,157.27484321594238,2026-06-18_235426_sweep_csam2_dm12.0_dv4.0_F100_s42,experiments\2026-06-18_235426_sweep_csam2_dm12.0_dv4.0_F100_s42,csam2_dm12.0_dv4.0_F100_s42,2,42,1.0,"{'regular': 'experiments\\2026-06-18_235426_sweep_csam2_dm12.0_dv4.0_F100_s42\\visualizations\\flows_regular.csv', 'qq': 'experiments\\2026-06-18_235426_sweep_csam2_dm12.0_dv4.0_F100_s42\\visualizations\\flows_qq.csv'}","{'markdown': 'experiments\\2026-06-18_235426_sweep_csam2_dm12.0_dv4.0_F100_s42\\reports\\run_report.md', 'pdf': 'experiments\\2026-06-18_235426_sweep_csam2_dm12.0_dv4.0_F100_s42\\reports\\run_report.pdf'}"
csam2_dm12.0_dv4.0_F100_s456,feasible,True,2,12.0,4.0,100,456,81627.16643039996,81427.16649739999,200.0,2.0,"m1,m10",0.0,14402.929509901125,0.0,0.0,0.0,0.0,20,156.298930644989,2026-06-18_235703_sweep_csam2_dm12.0_dv4.0_F100_s456,experiments\2026-06-18_235703_sweep_csam2_dm12.0_dv4.0_F100_s456,csam2_dm12.0_dv4.0_F100_s456,2,456,1.0,"{'regular': 'experiments\\2026-06-18_235703_sweep_csam2_dm12.0_dv4.0_F100_s456\\visualizations\\flows_regular.csv', 'qq': 'experiments\\2026-06-18_235703_sweep_csam2_dm12.0_dv4.0_F100_s456\\visualizations\\flows_qq.csv'}","{'markdown': 'experiments\\2026-06-18_235703_sweep_csam2_dm12.0_dv4.0_F100_s456\\reports\\run_report.md', 'pdf': 'experiments\\2026-06-18_235703_sweep_csam2_dm12.0_dv4.0_F100_s456\\reports\\run_report.pdf'}"
csam2_dm12.0_dv9.0_F100_s123,feasible,True,2,12.0,9.0,100,123,79296.41556021014,79096.41559145013,200.0,2.0,"m1,m2",0.0,14290.15897225643,0.0,0.0,0.0,0.0,20,156.0178439617157,2026-06-19_000727_sweep_csam2_dm12.0_dv9.0_F100_s123,experiments\2026-06-19_000727_sweep_csam2_dm12.0_dv9.0_F100_s123,csam2_dm12.0_dv9.0_F100_s123,2,123,1.0,"{'regular': 'experiments\\2026-06-19_000727_sweep_csam2_dm12.0_dv9.0_F100_s123\\visualizations\\flows_regular.csv', 'qq': 'experiments\\2026-06-19_000727_sweep_csam2_dm12.0_dv9.0_F100_s123\\visualizations\\flows_qq.csv'}","{'markdown': 'experiments\\2026-06-19_000727_sweep_csam2_dm12.0_dv9.0_F100_s123\\reports\\run_report.md', 'pdf': 'experiments\\2026-06-19_000727_sweep_csam2_dm12.0_dv9.0_F100_s123\\reports\\run_report.pdf'}"
csam2_dm12.0_dv9.0_F100_s42,feasible,True,2,12.0,9.0,100,42,84635.52881980005,84435.52893490001,200.0,2.0,"m1,m10",0.0,14538.175977063936,0.0,0.0,0.0,0.0,20,154.70440363883972,2026-06-19_000215_sweep_csam2_dm12.0_dv9.0_F100_s42,experiments\2026-06-19_000215_sweep_csam2_dm12.0_dv9.0_F100_s42,csam2_dm12.0_dv9.0_F100_s42,2,42,1.0,"{'regular': 'experiments\\2026-06-19_000215_sweep_csam2_dm12.0_dv9.0_F100_s42\\visualizations\\flows_regular.csv', 'qq': 'experiments\\2026-06-19_000215_sweep_csam2_dm12.0_dv9.0_F100_s42\\visualizations\\flows_qq.csv'}","{'markdown': 'experiments\\2026-06-19_000215_sweep_csam2_dm12.0_dv9.0_F100_s42\\reports\\run_report.md', 'pdf': 'experiments\\2026-06-19_000215_sweep_csam2_dm12.0_dv9.0_F100_s42\\reports\\run_report.pdf'}"
csam2_dm12.0_dv9.0_F100_s456,feasible,True,2,12.0,9.0,100,456,81096.13048964998,80896.13055125001,200.0,2.0,"m1,m10",0.0,14404.394264851688,0.0,0.0,0.0,0.0,20,156.60748434066772,2026-06-19_000450_sweep_csam2_dm12.0_dv9.0_F100_s456,experiments\2026-06-19_000450_sweep_csam2_dm12.0_dv9.0_F100_s456,csam2_dm12.0_dv9.0_F100_s456,2,456,1.0,"{'regular': 'experiments\\2026-06-19_000450_sweep_csam2_dm12.0_dv9.0_F100_s456\\visualizations\\flows_regular.csv', 'qq': 'experiments\\2026-06-19_000450_sweep_csam2_dm12.0_dv9.0_F100_s456\\visualizations\\flows_qq.csv'}","{'markdown': 'experiments\\2026-06-19_000450_sweep_csam2_dm12.0_dv9.0_F100_s456\\reports\\run_report.md', 'pdf': 'experiments\\2026-06-19_000450_sweep_csam2_dm12.0_dv9.0_F100_s456\\reports\\run_report.pdf'}"
csam2_dm15.0_dv16.0_F100_s123,feasible,True,2,15.0,16.0,100,123,471115.638017127,470915.638017127,200.0,2.0,"m1,m10",0.0,17853.545296341905,364.1403843,2.0395970562474806,0.0,364.1403843,4,32.27809238433838,2026-06-19_003058_sweep_csam2_dm15.0_dv16.0_F100_s123,experiments\2026-06-19_003058_sweep_csam2_dm15.0_dv16.0_F100_s123,csam2_dm15.0_dv16.0_F100_s123,2,123,1.0,"{'regular': 'experiments\\2026-06-19_003058_sweep_csam2_dm15.0_dv16.0_F100_s123\\visualizations\\flows_regular.csv', 'qq': 'experiments\\2026-06-19_003058_sweep_csam2_dm15.0_dv16.0_F100_s123\\visualizations\\flows_qq.csv'}","{'markdown': 'experiments\\2026-06-19_003058_sweep_csam2_dm15.0_dv16.0_F100_s123\\reports\\run_report.md', 'pdf': 'experiments\\2026-06-19_003058_sweep_csam2_dm15.0_dv16.0_F100_s123\\reports\\run_report.pdf'}"
csam2_dm15.0_dv16.0_F100_s42,feasible,True,2,15.0,16.0,100,42,662333.8492728001,662133.8492728001,200.0,2.0,"m1,m10",0.0,18184.234636085246,554.641666,3.0501237863448774,0.0,554.641666,4,31.62244200706482,2026-06-19_002746_sweep_csam2_dm15.0_dv16.0_F100_s42,experiments\2026-06-19_002746_sweep_csam2_dm15.0_dv16.0_F100_s42,csam2_dm15.0_dv16.0_F100_s42,2,42,1.0,"{'regular': 'experiments\\2026-06-19_002746_sweep_csam2_dm15.0_dv16.0_F100_s42\\visualizations\\flows_regular.csv', 'qq': 'experiments\\2026-06-19_002746_sweep_csam2_dm15.0_dv16.0_F100_s42\\visualizations\\flows_qq.csv'}","{'markdown': 'experiments\\2026-06-19_002746_sweep_csam2_dm15.0_dv16.0_F100_s42\\reports\\run_report.md', 'pdf': 'experiments\\2026-06-19_002746_sweep_csam2_dm15.0_dv16.0_F100_s42\\reports\\run_report.pdf'}"
csam2_dm15.0_dv16.0_F100_s456,feasible,True,2,15.0,16.0,100,456,539190.2024469001,538990.2024469001,200.0,2.0,"m1,m10",0.0,18005.85901980225,432.2181307,2.4004304944555037,0.0,432.2181307,20,160.21244072914124,2026-06-19_002818_sweep_csam2_dm15.0_dv16.0_F100_s456,experiments\2026-06-19_002818_sweep_csam2_dm15.0_dv16.0_F100_s456,csam2_dm15.0_dv16.0_F100_s456,2,456,1.0,"{'regular': 'experiments\\2026-06-19_002818_sweep_csam2_dm15.0_dv16.0_F100_s456\\visualizations\\flows_regular.csv', 'qq': 'experiments\\2026-06-19_002818_sweep_csam2_dm15.0_dv16.0_F100_s456\\visualizations\\flows_qq.csv'}","{'markdown': 'experiments\\2026-06-19_002818_sweep_csam2_dm15.0_dv16.0_F100_s456\\reports\\run_report.md', 'pdf': 'experiments\\2026-06-19_002818_sweep_csam2_dm15.0_dv16.0_F100_s456\\reports\\run_report.pdf'}"
csam2_dm15.0_dv4.0_F100_s123,feasible,True,2,15.0,4.0,100,123,536617.8185572249,536417.8185572249,200.0,2.0,"m1,m10",0.0,17926.772648170954,429.5701916,2.39624945343315,0.0,429.5701916,4,31.043779134750366,2026-06-19_002313_sweep_csam2_dm15.0_dv4.0_F100_s123,experiments\2026-06-19_002313_sweep_csam2_dm15.0_dv4.0_F100_s123,csam2_dm15.0_dv4.0_F100_s123,2,123,1.0,"{'regular': 'experiments\\2026-06-19_002313_sweep_csam2_dm15.0_dv4.0_F100_s123\\visualizations\\flows_regular.csv', 'qq': 'experiments\\2026-06-19_002313_sweep_csam2_dm15.0_dv4.0_F100_s123\\visualizations\\flows_qq.csv'}","{'markdown': 'experiments\\2026-06-19_002313_sweep_csam2_dm15.0_dv4.0_F100_s123\\reports\\run_report.md', 'pdf': 'experiments\\2026-06-19_002313_sweep_csam2_dm15.0_dv4.0_F100_s123\\reports\\run_report.pdf'}"
csam2_dm15.0_dv4.0_F100_s42,feasible,True,2,15.0,4.0,100,42,632226.9241565929,632026.9241565929,200.0,2.0,"m1,m10",0.0,18092.117318042623,524.8208324999999,2.9008259413430557,0.0,524.8208324999999,20,156.45137739181519,2026-06-19_001759_sweep_csam2_dm15.0_dv4.0_F100_s42,experiments\2026-06-19_001759_sweep_csam2_dm15.0_dv4.0_F100_s42,csam2_dm15.0_dv4.0_F100_s42,2,42,1.0,"{'regular': 'experiments\\2026-06-19_001759_sweep_csam2_dm15.0_dv4.0_F100_s42\\visualizations\\flows_regular.csv', 'qq': 'experiments\\2026-06-19_001759_sweep_csam2_dm15.0_dv4.0_F100_s42\\visualizations\\flows_qq.csv'}","{'markdown': 'experiments\\2026-06-19_001759_sweep_csam2_dm15.0_dv4.0_F100_s42\\reports\\run_report.md', 'pdf': 'experiments\\2026-06-19_001759_sweep_csam2_dm15.0_dv4.0_F100_s42\\reports\\run_report.pdf'}"
csam2_dm15.0_dv4.0_F100_s456,feasible,True,2,15.0,4.0,100,456,570655.1017635999,570455.1017635999,200.0,2.0,"m1,m10",0.0,18002.929509901125,463.6090658,2.5751868080415887,0.0,463.6090658,20,158.10222721099854,2026-06-19_002035_sweep_csam2_dm15.0_dv4.0_F100_s456,experiments\2026-06-19_002035_sweep_csam2_dm15.0_dv4.0_F100_s456,csam2_dm15.0_dv4.0_F100_s456,2,456,1.0,"{'regular': 'experiments\\2026-06-19_002035_sweep_csam2_dm15.0_dv4.0_F100_s456\\visualizations\\flows_regular.csv', 'qq': 'experiments\\2026-06-19_002035_sweep_csam2_dm15.0_dv4.0_F100_s456\\visualizations\\flows_qq.csv'}","{'markdown': 'experiments\\2026-06-19_002035_sweep_csam2_dm15.0_dv4.0_F100_s456\\reports\\run_report.md', 'pdf': 'experiments\\2026-06-19_002035_sweep_csam2_dm15.0_dv4.0_F100_s456\\reports\\run_report.pdf'}"
csam2_dm15.0_dv9.0_F100_s123,feasible,True,2,15.0,9.0,100,123,503866.7273352,503666.7273352,200.0,2.0,"m1,m10",0.0,17890.15897225643,396.855287,2.2182882087041946,0.0,396.855287,4,31.749043703079224,2026-06-19_002714_sweep_csam2_dm15.0_dv9.0_F100_s123,experiments\2026-06-19_002714_sweep_csam2_dm15.0_dv9.0_F100_s123,csam2_dm15.0_dv9.0_F100_s123,2,123,1.0,"{'regular': 'experiments\\2026-06-19_002714_sweep_csam2_dm15.0_dv9.0_F100_s123\\visualizations\\flows_regular.csv', 'qq': 'experiments\\2026-06-19_002714_sweep_csam2_dm15.0_dv9.0_F100_s123\\visualizations\\flows_qq.csv'}","{'markdown': 'experiments\\2026-06-19_002714_sweep_csam2_dm15.0_dv9.0_F100_s123\\reports\\run_report.md', 'pdf': 'experiments\\2026-06-19_002714_sweep_csam2_dm15.0_dv9.0_F100_s123\\reports\\run_report.pdf'}"
csam2_dm15.0_dv9.0_F100_s42,feasible,True,2,15.0,9.0,100,42,647280.3875883,647080.3875883,200.0,2.0,"m1,m10",0.0,18138.175977063936,539.7312502,2.9756644266904253,0.0,539.7312502,4,44.61357021331787,2026-06-19_002344_sweep_csam2_dm15.0_dv9.0_F100_s42,experiments\2026-06-19_002344_sweep_csam2_dm15.0_dv9.0_F100_s42,csam2_dm15.0_dv9.0_F100_s42,2,42,1.0,"{'regular': 'experiments\\2026-06-19_002344_sweep_csam2_dm15.0_dv9.0_F100_s42\\visualizations\\flows_regular.csv', 'qq': 'experiments\\2026-06-19_002344_sweep_csam2_dm15.0_dv9.0_F100_s42\\visualizations\\flows_qq.csv'}","{'markdown': 'experiments\\2026-06-19_002344_sweep_csam2_dm15.0_dv9.0_F100_s42\\reports\\run_report.md', 'pdf': 'experiments\\2026-06-19_002344_sweep_csam2_dm15.0_dv9.0_F100_s42\\reports\\run_report.pdf'}"
csam2_dm15.0_dv9.0_F100_s456,feasible,True,2,15.0,9.0,100,456,554922.6525266499,554722.6525266499,200.0,2.0,"m1,m10",0.0,18004.394264851686,447.9135987,2.487801545061809,0.0,447.9135987,20,164.9182267189026,2026-06-19_002429_sweep_csam2_dm15.0_dv9.0_F100_s456,experiments\2026-06-19_002429_sweep_csam2_dm15.0_dv9.0_F100_s456,csam2_dm15.0_dv9.0_F100_s456,2,456,1.0,"{'regular': 'experiments\\2026-06-19_002429_sweep_csam2_dm15.0_dv9.0_F100_s456\\visualizations\\flows_regular.csv', 'qq': 'experiments\\2026-06-19_002429_sweep_csam2_dm15.0_dv9.0_F100_s456\\visualizations\\flows_qq.csv'}","{'markdown': 'experiments\\2026-06-19_002429_sweep_csam2_dm15.0_dv9.0_F100_s456\\reports\\run_report.md', 'pdf': 'experiments\\2026-06-19_002429_sweep_csam2_dm15.0_dv9.0_F100_s456\\reports\\run_report.pdf'}"
csam2_dm18.0_dv16.0_F100_s123,infeasible_no_incumbent,False,2,18.0,16.0,100,123,,,0.0,,,,21453.545296341905,0.0,,0.0,0.0,20,159.56207752227783,2026-06-19_005235_sweep_csam2_dm18.0_dv16.0_F100_s123,experiments\2026-06-19_005235_sweep_csam2_dm18.0_dv16.0_F100_s123,csam2_dm18.0_dv16.0_F100_s123,2,123,1.0,{},
csam2_dm18.0_dv16.0_F100_s42,infeasible_no_incumbent,False,2,18.0,16.0,100,42,,,0.0,,,,21784.234636085246,0.0,,0.0,0.0,20,157.63928532600403,2026-06-19_004722_sweep_csam2_dm18.0_dv16.0_F100_s42,experiments\2026-06-19_004722_sweep_csam2_dm18.0_dv16.0_F100_s42,csam2_dm18.0_dv16.0_F100_s42,2,42,1.0,{},
csam2_dm18.0_dv16.0_F100_s456,infeasible_no_incumbent,False,2,18.0,16.0,100,456,,,0.0,,,,21605.85901980225,0.0,,0.0,0.0,20,155.5621621608734,2026-06-19_005000_sweep_csam2_dm18.0_dv16.0_F100_s456,experiments\2026-06-19_005000_sweep_csam2_dm18.0_dv16.0_F100_s456,csam2_dm18.0_dv16.0_F100_s456,2,456,1.0,{},
csam2_dm18.0_dv4.0_F100_s123,infeasible_no_incumbent,False,2,18.0,4.0,100,123,,,0.0,,,,21526.772648170954,0.0,,0.0,0.0,20,158.14522004127502,2026-06-19_003648_sweep_csam2_dm18.0_dv4.0_F100_s123,experiments\2026-06-19_003648_sweep_csam2_dm18.0_dv4.0_F100_s123,csam2_dm18.0_dv4.0_F100_s123,2,123,1.0,{},
csam2_dm18.0_dv4.0_F100_s42,infeasible_no_incumbent,False,2,18.0,4.0,100,42,,,0.0,,,,21692.117318042623,0.0,,0.0,0.0,20,158.39799213409424,2026-06-19_003130_sweep_csam2_dm18.0_dv4.0_F100_s42,experiments\2026-06-19_003130_sweep_csam2_dm18.0_dv4.0_F100_s42,csam2_dm18.0_dv4.0_F100_s42,2,42,1.0,{},
csam2_dm18.0_dv4.0_F100_s456,infeasible_no_incumbent,False,2,18.0,4.0,100,456,,,0.0,,,,21602.929509901125,0.0,,0.0,0.0,20,159.2984402179718,2026-06-19_003409_sweep_csam2_dm18.0_dv4.0_F100_s456,experiments\2026-06-19_003409_sweep_csam2_dm18.0_dv4.0_F100_s456,csam2_dm18.0_dv4.0_F100_s456,2,456,1.0,{},
csam2_dm18.0_dv9.0_F100_s123,infeasible_no_incumbent,False,2,18.0,9.0,100,123,,,0.0,,,,21490.15897225643,0.0,,0.0,0.0,20,159.84803819656372,2026-06-19_004442_sweep_csam2_dm18.0_dv9.0_F100_s123,experiments\2026-06-19_004442_sweep_csam2_dm18.0_dv9.0_F100_s123,csam2_dm18.0_dv9.0_F100_s123,2,123,1.0,{},
csam2_dm18.0_dv9.0_F100_s42,infeasible_no_incumbent,False,2,18.0,9.0,100,42,,,0.0,,,,21738.175977063936,0.0,,0.0,0.0,20,157.47053217887878,2026-06-19_003926_sweep_csam2_dm18.0_dv9.0_F100_s42,experiments\2026-06-19_003926_sweep_csam2_dm18.0_dv9.0_F100_s42,csam2_dm18.0_dv9.0_F100_s42,2,42,1.0,{},
csam2_dm18.0_dv9.0_F100_s456,infeasible_no_incumbent,False,2,18.0,9.0,100,456,,,0.0,,,,21604.394264851686,0.0,,0.0,0.0,20,158.5469310283661,2026-06-19_004204_sweep_csam2_dm18.0_dv9.0_F100_s456,experiments\2026-06-19_004204_sweep_csam2_dm18.0_dv9.0_F100_s456,csam2_dm18.0_dv9.0_F100_s456,2,456,1.0,{},
csam3_dm12.0_dv16.0_F100_s123,feasible,True,3,12.0,16.0,100,123,78201.19099170003,78001.19099170003,200.0,2.0,"m1,m2",1.0,14255.137737688196,0.0,0.0,0.0,0.0,20,161.61601758003235,2026-06-19_011627_sweep_csam3_dm12.0_dv16.0_F100_s123,experiments\2026-06-19_011627_sweep_csam3_dm12.0_dv16.0_F100_s123,csam3_dm12.0_dv16.0_F100_s123,3,123,1.0,"{'regular': 'experiments\\2026-06-19_011627_sweep_csam3_dm12.0_dv16.0_F100_s123\\visualizations\\flows_regular.csv', 'qq': 'experiments\\2026-06-19_011627_sweep_csam3_dm12.0_dv16.0_F100_s123\\visualizations\\flows_qq.csv'}","{'markdown': 'experiments\\2026-06-19_011627_sweep_csam3_dm12.0_dv16.0_F100_s123\\reports\\run_report.md', 'pdf': 'experiments\\2026-06-19_011627_sweep_csam3_dm12.0_dv16.0_F100_s123\\reports\\run_report.pdf'}"
csam3_dm12.0_dv16.0_F100_s42,feasible,True,3,12.0,16.0,100,42,85301.36666437014,85101.36673787018,200.0,2.0,"m1,m10",1.0,14585.199705445524,0.0,0.0,0.0,0.0,20,158.22152280807495,2026-06-19_011109_sweep_csam3_dm12.0_dv16.0_F100_s42,experiments\2026-06-19_011109_sweep_csam3_dm12.0_dv16.0_F100_s42,csam3_dm12.0_dv16.0_F100_s42,3,42,1.0,"{'regular': 'experiments\\2026-06-19_011109_sweep_csam3_dm12.0_dv16.0_F100_s42\\visualizations\\flows_regular.csv', 'qq': 'experiments\\2026-06-19_011109_sweep_csam3_dm12.0_dv16.0_F100_s42\\visualizations\\flows_qq.csv'}","{'markdown': 'experiments\\2026-06-19_011109_sweep_csam3_dm12.0_dv16.0_F100_s42\\reports\\run_report.md', 'pdf': 'experiments\\2026-06-19_011109_sweep_csam3_dm12.0_dv16.0_F100_s42\\reports\\run_report.pdf'}"
csam3_dm12.0_dv16.0_F100_s456,feasible,True,3,12.0,16.0,100,456,80572.85519202014,80372.85519202014,200.0,2.0,"m1,m10",1.0,14405.859019802248,0.0,0.0,0.0,0.0,20,158.68258786201477,2026-06-19_011348_sweep_csam3_dm12.0_dv16.0_F100_s456,experiments\2026-06-19_011348_sweep_csam3_dm12.0_dv16.0_F100_s456,csam3_dm12.0_dv16.0_F100_s456,3,456,1.0,"{'regular': 'experiments\\2026-06-19_011348_sweep_csam3_dm12.0_dv16.0_F100_s456\\visualizations\\flows_regular.csv', 'qq': 'experiments\\2026-06-19_011348_sweep_csam3_dm12.0_dv16.0_F100_s456\\visualizations\\flows_qq.csv'}","{'markdown': 'experiments\\2026-06-19_011348_sweep_csam3_dm12.0_dv16.0_F100_s456\\reports\\run_report.md', 'pdf': 'experiments\\2026-06-19_011348_sweep_csam3_dm12.0_dv16.0_F100_s456\\reports\\run_report.pdf'}"
csam3_dm12.0_dv4.0_F100_s123,feasible,True,3,12.0,4.0,100,123,80422.8586729549,80222.8586729549,200.0,2.0,"m1,m10",1.0,14326.772648170952,0.0,0.0,0.0,0.0,20,159.75055480003357,2026-06-19_010032_sweep_csam3_dm12.0_dv4.0_F100_s123,experiments\2026-06-19_010032_sweep_csam3_dm12.0_dv4.0_F100_s123,csam3_dm12.0_dv4.0_F100_s123,3,123,1.0,"{'regular': 'experiments\\2026-06-19_010032_sweep_csam3_dm12.0_dv4.0_F100_s123\\visualizations\\flows_regular.csv', 'qq': 'experiments\\2026-06-19_010032_sweep_csam3_dm12.0_dv4.0_F100_s123\\visualizations\\flows_qq.csv'}","{'markdown': 'experiments\\2026-06-19_010032_sweep_csam3_dm12.0_dv4.0_F100_s123\\reports\\run_report.md', 'pdf': 'experiments\\2026-06-19_010032_sweep_csam3_dm12.0_dv4.0_F100_s123\\reports\\run_report.pdf'}"
csam3_dm12.0_dv4.0_F100_s42,feasible,True,3,12.0,4.0,100,42,83990.35268459994,83790.35270049996,200.0,2.0,"m1,m10",1.0,14492.117318042623,0.0,0.0,0.0,0.0,20,158.35954093933105,2026-06-19_005515_sweep_csam3_dm12.0_dv4.0_F100_s42,experiments\2026-06-19_005515_sweep_csam3_dm12.0_dv4.0_F100_s42,csam3_dm12.0_dv4.0_F100_s42,3,42,1.0,"{'regular': 'experiments\\2026-06-19_005515_sweep_csam3_dm12.0_dv4.0_F100_s42\\visualizations\\flows_regular.csv', 'qq': 'experiments\\2026-06-19_005515_sweep_csam3_dm12.0_dv4.0_F100_s42\\visualizations\\flows_qq.csv'}","{'markdown': 'experiments\\2026-06-19_005515_sweep_csam3_dm12.0_dv4.0_F100_s42\\reports\\run_report.md', 'pdf': 'experiments\\2026-06-19_005515_sweep_csam3_dm12.0_dv4.0_F100_s42\\reports\\run_report.pdf'}"
csam3_dm12.0_dv4.0_F100_s456,feasible,True,3,12.0,4.0,100,456,81627.16639590003,81427.16649739999,200.0,2.0,"m1,m10",1.0,14402.929509901125,0.0,0.0,0.0,0.0,20,158.0786988735199,2026-06-19_005753_sweep_csam3_dm12.0_dv4.0_F100_s456,experiments\2026-06-19_005753_sweep_csam3_dm12.0_dv4.0_F100_s456,csam3_dm12.0_dv4.0_F100_s456,3,456,1.0,"{'regular': 'experiments\\2026-06-19_005753_sweep_csam3_dm12.0_dv4.0_F100_s456\\visualizations\\flows_regular.csv', 'qq': 'experiments\\2026-06-19_005753_sweep_csam3_dm12.0_dv4.0_F100_s456\\visualizations\\flows_qq.csv'}","{'markdown': 'experiments\\2026-06-19_005753_sweep_csam3_dm12.0_dv4.0_F100_s456\\reports\\run_report.md', 'pdf': 'experiments\\2026-06-19_005753_sweep_csam3_dm12.0_dv4.0_F100_s456\\reports\\run_report.pdf'}"
csam3_dm12.0_dv9.0_F100_s123,feasible,True,3,12.0,9.0,100,123,79296.41558635017,79096.41559145013,200.0,2.0,"m1,m2",1.0,14290.15897225643,0.0,0.0,0.0,0.0,20,159.04121017456055,2026-06-19_010830_sweep_csam3_dm12.0_dv9.0_F100_s123,experiments\2026-06-19_010830_sweep_csam3_dm12.0_dv9.0_F100_s123,csam3_dm12.0_dv9.0_F100_s123,3,123,1.0,"{'regular': 'experiments\\2026-06-19_010830_sweep_csam3_dm12.0_dv9.0_F100_s123\\visualizations\\flows_regular.csv', 'qq': 'experiments\\2026-06-19_010830_sweep_csam3_dm12.0_dv9.0_F100_s123\\visualizations\\flows_qq.csv'}","{'markdown': 'experiments\\2026-06-19_010830_sweep_csam3_dm12.0_dv9.0_F100_s123\\reports\\run_report.md', 'pdf': 'experiments\\2026-06-19_010830_sweep_csam3_dm12.0_dv9.0_F100_s123\\reports\\run_report.pdf'}"
csam3_dm12.0_dv9.0_F100_s42,feasible,True,3,12.0,9.0,100,42,84635.52886624001,84435.52893490001,200.0,2.0,"m1,m10",1.0,14538.175977063936,0.0,0.0,0.0,0.0,20,159.73758149147034,2026-06-19_010311_sweep_csam3_dm12.0_dv9.0_F100_s42,experiments\2026-06-19_010311_sweep_csam3_dm12.0_dv9.0_F100_s42,csam3_dm12.0_dv9.0_F100_s42,3,42,1.0,"{'regular': 'experiments\\2026-06-19_010311_sweep_csam3_dm12.0_dv9.0_F100_s42\\visualizations\\flows_regular.csv', 'qq': 'experiments\\2026-06-19_010311_sweep_csam3_dm12.0_dv9.0_F100_s42\\visualizations\\flows_qq.csv'}","{'markdown': 'experiments\\2026-06-19_010311_sweep_csam3_dm12.0_dv9.0_F100_s42\\reports\\run_report.md', 'pdf': 'experiments\\2026-06-19_010311_sweep_csam3_dm12.0_dv9.0_F100_s42\\reports\\run_report.pdf'}"
csam3_dm12.0_dv9.0_F100_s456,feasible,True,3,12.0,9.0,100,456,81096.13055125001,80896.13055125001,200.0,2.0,"m1,m10",1.0,14404.394264851688,0.0,0.0,0.0,0.0,20,158.99541521072388,2026-06-19_010551_sweep_csam3_dm12.0_dv9.0_F100_s456,experiments\2026-06-19_010551_sweep_csam3_dm12.0_dv9.0_F100_s456,csam3_dm12.0_dv9.0_F100_s456,3,456,1.0,"{'regular': 'experiments\\2026-06-19_010551_sweep_csam3_dm12.0_dv9.0_F100_s456\\visualizations\\flows_regular.csv', 'qq': 'experiments\\2026-06-19_010551_sweep_csam3_dm12.0_dv9.0_F100_s456\\visualizations\\flows_qq.csv'}","{'markdown': 'experiments\\2026-06-19_010551_sweep_csam3_dm12.0_dv9.0_F100_s456\\reports\\run_report.md', 'pdf': 'experiments\\2026-06-19_010551_sweep_csam3_dm12.0_dv9.0_F100_s456\\reports\\run_report.pdf'}"
csam3_dm15.0_dv16.0_F100_s123,feasible,True,3,15.0,16.0,100,123,119549.05976247988,119249.05987964997,300.0,3.0,"m1,m2,m10",0.0,17853.545296341905,0.0,0.0,0.0,0.0,20,158.98778414726257,2026-06-19_013614_sweep_csam3_dm15.0_dv16.0_F100_s123,experiments\2026-06-19_013614_sweep_csam3_dm15.0_dv16.0_F100_s123,csam3_dm15.0_dv16.0_F100_s123,3,123,1.0,"{'regular': 'experiments\\2026-06-19_013614_sweep_csam3_dm15.0_dv16.0_F100_s123\\visualizations\\flows_regular.csv', 'qq': 'experiments\\2026-06-19_013614_sweep_csam3_dm15.0_dv16.0_F100_s123\\visualizations\\flows_qq.csv'}","{'markdown': 'experiments\\2026-06-19_013614_sweep_csam3_dm15.0_dv16.0_F100_s123\\reports\\run_report.md', 'pdf': 'experiments\\2026-06-19_013614_sweep_csam3_dm15.0_dv16.0_F100_s123\\reports\\run_report.pdf'}"
csam3_dm15.0_dv16.0_F100_s42,feasible,True,3,15.0,16.0,100,42,237393.8498852952,237093.8498852952,300.0,3.0,"m1,m2,m10",0.0,18184.234636085246,114.6416666,0.6304453769668272,0.0,114.6416666,4,31.525083780288696,2026-06-19_013302_sweep_csam3_dm15.0_dv16.0_F100_s42,experiments\2026-06-19_013302_sweep_csam3_dm15.0_dv16.0_F100_s42,csam3_dm15.0_dv16.0_F100_s42,3,42,1.0,"{'regular': 'experiments\\2026-06-19_013302_sweep_csam3_dm15.0_dv16.0_F100_s42\\visualizations\\flows_regular.csv', 'qq': 'experiments\\2026-06-19_013302_sweep_csam3_dm15.0_dv16.0_F100_s42\\visualizations\\flows_qq.csv'}","{'markdown': 'experiments\\2026-06-19_013302_sweep_csam3_dm15.0_dv16.0_F100_s42\\reports\\run_report.md', 'pdf': 'experiments\\2026-06-19_013302_sweep_csam3_dm15.0_dv16.0_F100_s42\\reports\\run_report.pdf'}"
csam3_dm15.0_dv16.0_F100_s456,feasible,True,3,15.0,16.0,100,456,155244.54126366903,154944.54169746,300.0,3.0,"m1,m2,m10",0.0,18005.85901980225,34.63262491,0.19234086455920918,0.0,34.63262491,20,160.25602984428406,2026-06-19_013334_sweep_csam3_dm15.0_dv16.0_F100_s456,experiments\2026-06-19_013334_sweep_csam3_dm15.0_dv16.0_F100_s456,csam3_dm15.0_dv16.0_F100_s456,3,456,1.0,"{'regular': 'experiments\\2026-06-19_013334_sweep_csam3_dm15.0_dv16.0_F100_s456\\visualizations\\flows_regular.csv', 'qq': 'experiments\\2026-06-19_013334_sweep_csam3_dm15.0_dv16.0_F100_s456\\visualizations\\flows_qq.csv'}","{'markdown': 'experiments\\2026-06-19_013334_sweep_csam3_dm15.0_dv16.0_F100_s456\\reports\\run_report.md', 'pdf': 'experiments\\2026-06-19_013334_sweep_csam3_dm15.0_dv16.0_F100_s456\\reports\\run_report.pdf'}"
csam3_dm15.0_dv4.0_F100_s123,feasible,True,3,15.0,4.0,100,123,132311.83427970496,132011.8342800299,300.0,3.0,"m1,m2,m10",0.0,17926.772648170954,10.897299100000001,0.060787846835954826,0.0,10.897299100000001,20,159.4184708595276,2026-06-19_012428_sweep_csam3_dm15.0_dv4.0_F100_s123,experiments\2026-06-19_012428_sweep_csam3_dm15.0_dv4.0_F100_s123,csam3_dm15.0_dv4.0_F100_s123,3,123,1.0,"{'regular': 'experiments\\2026-06-19_012428_sweep_csam3_dm15.0_dv4.0_F100_s123\\visualizations\\flows_regular.csv', 'qq': 'experiments\\2026-06-19_012428_sweep_csam3_dm15.0_dv4.0_F100_s123\\visualizations\\flows_qq.csv'}","{'markdown': 'experiments\\2026-06-19_012428_sweep_csam3_dm15.0_dv4.0_F100_s123\\reports\\run_report.md', 'pdf': 'experiments\\2026-06-19_012428_sweep_csam3_dm15.0_dv4.0_F100_s123\\reports\\run_report.pdf'}"
csam3_dm15.0_dv4.0_F100_s42,feasible,True,3,15.0,4.0,100,42,207286.924250085,206986.924250085,300.0,3.0,"m1,m2,m10",0.0,18092.117318042623,84.8208325,0.4688275617990339,0.0,84.8208325,20,159.41422939300537,2026-06-19_011908_sweep_csam3_dm15.0_dv4.0_F100_s42,experiments\2026-06-19_011908_sweep_csam3_dm15.0_dv4.0_F100_s42,csam3_dm15.0_dv4.0_F100_s42,3,42,1.0,"{'regular': 'experiments\\2026-06-19_011908_sweep_csam3_dm15.0_dv4.0_F100_s42\\visualizations\\flows_regular.csv', 'qq': 'experiments\\2026-06-19_011908_sweep_csam3_dm15.0_dv4.0_F100_s42\\visualizations\\flows_qq.csv'}","{'markdown': 'experiments\\2026-06-19_011908_sweep_csam3_dm15.0_dv4.0_F100_s42\\reports\\run_report.md', 'pdf': 'experiments\\2026-06-19_011908_sweep_csam3_dm15.0_dv4.0_F100_s42\\reports\\run_report.pdf'}"
csam3_dm15.0_dv4.0_F100_s456,feasible,True,3,15.0,4.0,100,456,147464.9786191699,147164.9786191699,300.0,3.0,"m1,m2,m10",0.0,18002.929509901125,25.4130627,0.14116070768384392,0.0,25.4130627,20,160.70770478248596,2026-06-19_012148_sweep_csam3_dm15.0_dv4.0_F100_s456,experiments\2026-06-19_012148_sweep_csam3_dm15.0_dv4.0_F100_s456,csam3_dm15.0_dv4.0_F100_s456,3,456,1.0,"{'regular': 'experiments\\2026-06-19_012148_sweep_csam3_dm15.0_dv4.0_F100_s456\\visualizations\\flows_regular.csv', 'qq': 'experiments\\2026-06-19_012148_sweep_csam3_dm15.0_dv4.0_F100_s456\\visualizations\\flows_qq.csv'}","{'markdown': 'experiments\\2026-06-19_012148_sweep_csam3_dm15.0_dv4.0_F100_s456\\reports\\run_report.md', 'pdf': 'experiments\\2026-06-19_012148_sweep_csam3_dm15.0_dv4.0_F100_s456\\reports\\run_report.pdf'}"
csam3_dm15.0_dv9.0_F100_s123,feasible,True,3,15.0,9.0,100,123,121987.75149096512,121687.75165395514,300.0,3.0,"m1,m2,m10",0.0,17890.15897225643,1.3459487,0.007523402682375604,0.0,1.3459487,20,161.9270613193512,2026-06-19_013020_sweep_csam3_dm15.0_dv9.0_F100_s123,experiments\2026-06-19_013020_sweep_csam3_dm15.0_dv9.0_F100_s123,csam3_dm15.0_dv9.0_F100_s123,3,123,1.0,"{'regular': 'experiments\\2026-06-19_013020_sweep_csam3_dm15.0_dv9.0_F100_s123\\visualizations\\flows_regular.csv', 'qq': 'experiments\\2026-06-19_013020_sweep_csam3_dm15.0_dv9.0_F100_s123\\visualizations\\flows_qq.csv'}","{'markdown': 'experiments\\2026-06-19_013020_sweep_csam3_dm15.0_dv9.0_F100_s123\\reports\\run_report.md', 'pdf': 'experiments\\2026-06-19_013020_sweep_csam3_dm15.0_dv9.0_F100_s123\\reports\\run_report.pdf'}"
csam3_dm15.0_dv9.0_F100_s42,feasible,True,3,15.0,9.0,100,42,222340.38735090054,222040.38735090054,300.0,3.0,"m1,m2,m10",0.0,18138.175977063936,99.73125,0.5498416716549229,0.0,99.73125,4,31.754637241363525,2026-06-19_012708_sweep_csam3_dm15.0_dv9.0_F100_s42,experiments\2026-06-19_012708_sweep_csam3_dm15.0_dv9.0_F100_s42,csam3_dm15.0_dv9.0_F100_s42,3,42,1.0,"{'regular': 'experiments\\2026-06-19_012708_sweep_csam3_dm15.0_dv9.0_F100_s42\\visualizations\\flows_regular.csv', 'qq': 'experiments\\2026-06-19_012708_sweep_csam3_dm15.0_dv9.0_F100_s42\\visualizations\\flows_qq.csv'}","{'markdown': 'experiments\\2026-06-19_012708_sweep_csam3_dm15.0_dv9.0_F100_s42\\reports\\run_report.md', 'pdf': 'experiments\\2026-06-19_012708_sweep_csam3_dm15.0_dv9.0_F100_s42\\reports\\run_report.pdf'}"
csam3_dm15.0_dv9.0_F100_s456,feasible,True,3,15.0,9.0,100,456,149859.65580200008,149559.65645456503,300.0,3.0,"m1,m2,m10",0.0,18004.394264851686,28.4744688,0.15815288413000414,0.0,28.4744688,20,160.16330099105835,2026-06-19_012740_sweep_csam3_dm15.0_dv9.0_F100_s456,experiments\2026-06-19_012740_sweep_csam3_dm15.0_dv9.0_F100_s456,csam3_dm15.0_dv9.0_F100_s456,3,456,1.0,"{'regular': 'experiments\\2026-06-19_012740_sweep_csam3_dm15.0_dv9.0_F100_s456\\visualizations\\flows_regular.csv', 'qq': 'experiments\\2026-06-19_012740_sweep_csam3_dm15.0_dv9.0_F100_s456\\visualizations\\flows_qq.csv'}","{'markdown': 'experiments\\2026-06-19_012740_sweep_csam3_dm15.0_dv9.0_F100_s456\\reports\\run_report.md', 'pdf': 'experiments\\2026-06-19_012740_sweep_csam3_dm15.0_dv9.0_F100_s456\\reports\\run_report.pdf'}"
csam3_dm18.0_dv16.0_F100_s123,infeasible_no_incumbent,False,3,18.0,16.0,100,123,,,0.0,,,,21453.545296341905,0.0,,0.0,0.0,20,157.96411085128784,2026-06-19_020023_sweep_csam3_dm18.0_dv16.0_F100_s123,experiments\2026-06-19_020023_sweep_csam3_dm18.0_dv16.0_F100_s123,csam3_dm18.0_dv16.0_F100_s123,3,123,1.0,{},
csam3_dm18.0_dv16.0_F100_s42,infeasible_no_incumbent,False,3,18.0,16.0,100,42,,,0.0,,,,21784.234636085246,0.0,,0.0,0.0,20,162.4228150844574,2026-06-19_015501_sweep_csam3_dm18.0_dv16.0_F100_s42,experiments\2026-06-19_015501_sweep_csam3_dm18.0_dv16.0_F100_s42,csam3_dm18.0_dv16.0_F100_s42,3,42,1.0,{},
csam3_dm18.0_dv16.0_F100_s456,infeasible_no_incumbent,False,3,18.0,16.0,100,456,,,0.0,,,,21605.85901980225,0.0,,0.0,0.0,20,160.395672082901,2026-06-19_015743_sweep_csam3_dm18.0_dv16.0_F100_s456,experiments\2026-06-19_015743_sweep_csam3_dm18.0_dv16.0_F100_s456,csam3_dm18.0_dv16.0_F100_s456,3,456,1.0,{},
csam3_dm18.0_dv4.0_F100_s123,infeasible_no_incumbent,False,3,18.0,4.0,100,123,,,0.0,,,,21526.772648170954,0.0,,0.0,0.0,20,160.33669137954712,2026-06-19_014416_sweep_csam3_dm18.0_dv4.0_F100_s123,experiments\2026-06-19_014416_sweep_csam3_dm18.0_dv4.0_F100_s123,csam3_dm18.0_dv4.0_F100_s123,3,123,1.0,{},
csam3_dm18.0_dv4.0_F100_s42,infeasible_no_incumbent,False,3,18.0,4.0,100,42,,,0.0,,,,21692.117318042623,0.0,,0.0,0.0,20,162.0929400920868,2026-06-19_013853_sweep_csam3_dm18.0_dv4.0_F100_s42,experiments\2026-06-19_013853_sweep_csam3_dm18.0_dv4.0_F100_s42,csam3_dm18.0_dv4.0_F100_s42,3,42,1.0,{},
csam3_dm18.0_dv4.0_F100_s456,infeasible_no_incumbent,False,3,18.0,4.0,100,456,,,0.0,,,,21602.929509901125,0.0,,0.0,0.0,20,160.5746283531189,2026-06-19_014135_sweep_csam3_dm18.0_dv4.0_F100_s456,experiments\2026-06-19_014135_sweep_csam3_dm18.0_dv4.0_F100_s456,csam3_dm18.0_dv4.0_F100_s456,3,456,1.0,{},
csam3_dm18.0_dv9.0_F100_s123,infeasible_no_incumbent,False,3,18.0,9.0,100,123,,,0.0,,,,21490.15897225643,0.0,,0.0,0.0,20,161.35528326034546,2026-06-19_015219_sweep_csam3_dm18.0_dv9.0_F100_s123,experiments\2026-06-19_015219_sweep_csam3_dm18.0_dv9.0_F100_s123,csam3_dm18.0_dv9.0_F100_s123,3,123,1.0,{},
csam3_dm18.0_dv9.0_F100_s42,infeasible_no_incumbent,False,3,18.0,9.0,100,42,,,0.0,,,,21738.175977063936,0.0,,0.0,0.0,20,160.64426636695862,2026-06-19_014656_sweep_csam3_dm18.0_dv9.0_F100_s42,experiments\2026-06-19_014656_sweep_csam3_dm18.0_dv9.0_F100_s42,csam3_dm18.0_dv9.0_F100_s42,3,42,1.0,{},
csam3_dm18.0_dv9.0_F100_s456,infeasible_no_incumbent,False,3,18.0,9.0,100,456,,,0.0,,,,21604.394264851686,0.0,,0.0,0.0,20,162.36138701438904,2026-06-19_014937_sweep_csam3_dm18.0_dv9.0_F100_s456,experiments\2026-06-19_014937_sweep_csam3_dm18.0_dv9.0_F100_s456,csam3_dm18.0_dv9.0_F100_s456,3,456,1.0,{},
csam4_dm12.0_dv16.0_F100_s123,feasible,True,4,12.0,16.0,100,123,78201.19099170003,78001.19099170003,200.0,2.0,"m1,m2",2.0,14255.137737688196,0.0,0.0,0.0,0.0,20,163.31371235847473,2026-06-19_022431_sweep_csam4_dm12.0_dv16.0_F100_s123,experiments\2026-06-19_022431_sweep_csam4_dm12.0_dv16.0_F100_s123,csam4_dm12.0_dv16.0_F100_s123,4,123,1.0,"{'regular': 'experiments\\2026-06-19_022431_sweep_csam4_dm12.0_dv16.0_F100_s123\\visualizations\\flows_regular.csv', 'qq': 'experiments\\2026-06-19_022431_sweep_csam4_dm12.0_dv16.0_F100_s123\\visualizations\\flows_qq.csv'}","{'markdown': 'experiments\\2026-06-19_022431_sweep_csam4_dm12.0_dv16.0_F100_s123\\reports\\run_report.md', 'pdf': 'experiments\\2026-06-19_022431_sweep_csam4_dm12.0_dv16.0_F100_s123\\reports\\run_report.pdf'}"
csam4_dm12.0_dv16.0_F100_s42,feasible,True,4,12.0,16.0,100,42,85301.36673787018,85101.36673787018,200.0,2.0,"m1,m10",2.0,14585.199705445524,0.0,0.0,0.0,0.0,20,160.91172695159912,2026-06-19_021907_sweep_csam4_dm12.0_dv16.0_F100_s42,experiments\2026-06-19_021907_sweep_csam4_dm12.0_dv16.0_F100_s42,csam4_dm12.0_dv16.0_F100_s42,4,42,1.0,"{'regular': 'experiments\\2026-06-19_021907_sweep_csam4_dm12.0_dv16.0_F100_s42\\visualizations\\flows_regular.csv', 'qq': 'experiments\\2026-06-19_021907_sweep_csam4_dm12.0_dv16.0_F100_s42\\visualizations\\flows_qq.csv'}","{'markdown': 'experiments\\2026-06-19_021907_sweep_csam4_dm12.0_dv16.0_F100_s42\\reports\\run_report.md', 'pdf': 'experiments\\2026-06-19_021907_sweep_csam4_dm12.0_dv16.0_F100_s42\\reports\\run_report.pdf'}"
csam4_dm12.0_dv16.0_F100_s456,feasible,True,4,12.0,16.0,100,456,80572.85519202014,80372.85519202014,200.0,2.0,"m1,m10",2.0,14405.859019802248,0.0,0.0,0.0,0.0,20,162.85679388046265,2026-06-19_022148_sweep_csam4_dm12.0_dv16.0_F100_s456,experiments\2026-06-19_022148_sweep_csam4_dm12.0_dv16.0_F100_s456,csam4_dm12.0_dv16.0_F100_s456,4,456,1.0,"{'regular': 'experiments\\2026-06-19_022148_sweep_csam4_dm12.0_dv16.0_F100_s456\\visualizations\\flows_regular.csv', 'qq': 'experiments\\2026-06-19_022148_sweep_csam4_dm12.0_dv16.0_F100_s456\\visualizations\\flows_qq.csv'}","{'markdown': 'experiments\\2026-06-19_022148_sweep_csam4_dm12.0_dv16.0_F100_s456\\reports\\run_report.md', 'pdf': 'experiments\\2026-06-19_022148_sweep_csam4_dm12.0_dv16.0_F100_s456\\reports\\run_report.pdf'}"
csam4_dm12.0_dv4.0_F100_s123,feasible,True,4,12.0,4.0,100,123,80422.8586729549,80222.8586729549,200.0,2.0,"m1,m10",2.0,14326.772648170952,0.0,0.0,0.0,0.0,20,161.958322763443,2026-06-19_020821_sweep_csam4_dm12.0_dv4.0_F100_s123,experiments\2026-06-19_020821_sweep_csam4_dm12.0_dv4.0_F100_s123,csam4_dm12.0_dv4.0_F100_s123,4,123,1.0,"{'regular': 'experiments\\2026-06-19_020821_sweep_csam4_dm12.0_dv4.0_F100_s123\\visualizations\\flows_regular.csv', 'qq': 'experiments\\2026-06-19_020821_sweep_csam4_dm12.0_dv4.0_F100_s123\\visualizations\\flows_qq.csv'}","{'markdown': 'experiments\\2026-06-19_020821_sweep_csam4_dm12.0_dv4.0_F100_s123\\reports\\run_report.md', 'pdf': 'experiments\\2026-06-19_020821_sweep_csam4_dm12.0_dv4.0_F100_s123\\reports\\run_report.pdf'}"
csam4_dm12.0_dv4.0_F100_s42,feasible,True,4,12.0,4.0,100,42,83990.35270049996,83790.35270049996,200.0,2.0,"m1,m10",2.0,14492.117318042623,0.0,0.0,0.0,0.0,20,158.67913436889648,2026-06-19_020301_sweep_csam4_dm12.0_dv4.0_F100_s42,experiments\2026-06-19_020301_sweep_csam4_dm12.0_dv4.0_F100_s42,csam4_dm12.0_dv4.0_F100_s42,4,42,1.0,"{'regular': 'experiments\\2026-06-19_020301_sweep_csam4_dm12.0_dv4.0_F100_s42\\visualizations\\flows_regular.csv', 'qq': 'experiments\\2026-06-19_020301_sweep_csam4_dm12.0_dv4.0_F100_s42\\visualizations\\flows_qq.csv'}","{'markdown': 'experiments\\2026-06-19_020301_sweep_csam4_dm12.0_dv4.0_F100_s42\\reports\\run_report.md', 'pdf': 'experiments\\2026-06-19_020301_sweep_csam4_dm12.0_dv4.0_F100_s42\\reports\\run_report.pdf'}"
csam4_dm12.0_dv4.0_F100_s456,feasible,True,4,12.0,4.0,100,456,81627.16649739999,81427.16649739999,200.0,2.0,"m1,m10",2.0,14402.929509901125,0.0,0.0,0.0,0.0,20,160.63804388046265,2026-06-19_020540_sweep_csam4_dm12.0_dv4.0_F100_s456,experiments\2026-06-19_020540_sweep_csam4_dm12.0_dv4.0_F100_s456,csam4_dm12.0_dv4.0_F100_s456,4,456,1.0,"{'regular': 'experiments\\2026-06-19_020540_sweep_csam4_dm12.0_dv4.0_F100_s456\\visualizations\\flows_regular.csv', 'qq': 'experiments\\2026-06-19_020540_sweep_csam4_dm12.0_dv4.0_F100_s456\\visualizations\\flows_qq.csv'}","{'markdown': 'experiments\\2026-06-19_020540_sweep_csam4_dm12.0_dv4.0_F100_s456\\reports\\run_report.md', 'pdf': 'experiments\\2026-06-19_020540_sweep_csam4_dm12.0_dv4.0_F100_s456\\reports\\run_report.pdf'}"
csam4_dm12.0_dv9.0_F100_s123,feasible,True,4,12.0,9.0,100,123,79296.41559145013,79096.41559145013,200.0,2.0,"m1,m2",2.0,14290.15897225643,0.0,0.0,0.0,0.0,20,161.82529735565186,2026-06-19_021626_sweep_csam4_dm12.0_dv9.0_F100_s123,experiments\2026-06-19_021626_sweep_csam4_dm12.0_dv9.0_F100_s123,csam4_dm12.0_dv9.0_F100_s123,4,123,1.0,"{'regular': 'experiments\\2026-06-19_021626_sweep_csam4_dm12.0_dv9.0_F100_s123\\visualizations\\flows_regular.csv', 'qq': 'experiments\\2026-06-19_021626_sweep_csam4_dm12.0_dv9.0_F100_s123\\visualizations\\flows_qq.csv'}","{'markdown': 'experiments\\2026-06-19_021626_sweep_csam4_dm12.0_dv9.0_F100_s123\\reports\\run_report.md', 'pdf': 'experiments\\2026-06-19_021626_sweep_csam4_dm12.0_dv9.0_F100_s123\\reports\\run_report.pdf'}"
csam4_dm12.0_dv9.0_F100_s42,feasible,True,4,12.0,9.0,100,42,84635.52893490001,84435.52893490001,200.0,2.0,"m1,m10",2.0,14538.175977063936,0.0,0.0,0.0,0.0,20,161.0149121284485,2026-06-19_021103_sweep_csam4_dm12.0_dv9.0_F100_s42,experiments\2026-06-19_021103_sweep_csam4_dm12.0_dv9.0_F100_s42,csam4_dm12.0_dv9.0_F100_s42,4,42,1.0,"{'regular': 'experiments\\2026-06-19_021103_sweep_csam4_dm12.0_dv9.0_F100_s42\\visualizations\\flows_regular.csv', 'qq': 'experiments\\2026-06-19_021103_sweep_csam4_dm12.0_dv9.0_F100_s42\\visualizations\\flows_qq.csv'}","{'markdown': 'experiments\\2026-06-19_021103_sweep_csam4_dm12.0_dv9.0_F100_s42\\reports\\run_report.md', 'pdf': 'experiments\\2026-06-19_021103_sweep_csam4_dm12.0_dv9.0_F100_s42\\reports\\run_report.pdf'}"
csam4_dm12.0_dv9.0_F100_s456,feasible,True,4,12.0,9.0,100,456,81096.13055125001,80896.13055125001,200.0,2.0,"m1,m10",2.0,14404.394264851688,0.0,0.0,0.0,0.0,20,161.42675018310547,2026-06-19_021344_sweep_csam4_dm12.0_dv9.0_F100_s456,experiments\2026-06-19_021344_sweep_csam4_dm12.0_dv9.0_F100_s456,csam4_dm12.0_dv9.0_F100_s456,4,456,1.0,"{'regular': 'experiments\\2026-06-19_021344_sweep_csam4_dm12.0_dv9.0_F100_s456\\visualizations\\flows_regular.csv', 'qq': 'experiments\\2026-06-19_021344_sweep_csam4_dm12.0_dv9.0_F100_s456\\visualizations\\flows_qq.csv'}","{'markdown': 'experiments\\2026-06-19_021344_sweep_csam4_dm12.0_dv9.0_F100_s456\\reports\\run_report.md', 'pdf': 'experiments\\2026-06-19_021344_sweep_csam4_dm12.0_dv9.0_F100_s456\\reports\\run_report.pdf'}"
csam4_dm15.0_dv16.0_F100_s123,feasible,True,4,15.0,16.0,100,123,119549.05984436,119195.6033207999,400.0,4.0,"m1,m2,m3,m10",0.0,17853.545296341905,0.0,0.0,0.0,0.0,20,159.4532241821289,2026-06-19_024833_sweep_csam4_dm15.0_dv16.0_F100_s123,experiments\2026-06-19_024833_sweep_csam4_dm15.0_dv16.0_F100_s123,csam4_dm15.0_dv16.0_F100_s123,4,123,1.0,"{'regular': 'experiments\\2026-06-19_024833_sweep_csam4_dm15.0_dv16.0_F100_s123\\visualizations\\flows_regular.csv', 'qq': 'experiments\\2026-06-19_024833_sweep_csam4_dm15.0_dv16.0_F100_s123\\visualizations\\flows_qq.csv'}","{'markdown': 'experiments\\2026-06-19_024833_sweep_csam4_dm15.0_dv16.0_F100_s123\\reports\\run_report.md', 'pdf': 'experiments\\2026-06-19_024833_sweep_csam4_dm15.0_dv16.0_F100_s123\\reports\\run_report.pdf'}"
csam4_dm15.0_dv16.0_F100_s42,feasible,True,4,15.0,16.0,100,42,126730.70512034005,126330.7051408,400.0,4.0,"m1,m2,m3,m10",0.0,18184.234636085246,0.0,0.0,0.0,0.0,20,157.63154315948486,2026-06-19_024317_sweep_csam4_dm15.0_dv16.0_F100_s42,experiments\2026-06-19_024317_sweep_csam4_dm15.0_dv16.0_F100_s42,csam4_dm15.0_dv16.0_F100_s42,4,42,1.0,"{'regular': 'experiments\\2026-06-19_024317_sweep_csam4_dm15.0_dv16.0_F100_s42\\visualizations\\flows_regular.csv', 'qq': 'experiments\\2026-06-19_024317_sweep_csam4_dm15.0_dv16.0_F100_s42\\visualizations\\flows_qq.csv'}","{'markdown': 'experiments\\2026-06-19_024317_sweep_csam4_dm15.0_dv16.0_F100_s42\\reports\\run_report.md', 'pdf': 'experiments\\2026-06-19_024317_sweep_csam4_dm15.0_dv16.0_F100_s42\\reports\\run_report.pdf'}"
csam4_dm15.0_dv16.0_F100_s456,feasible,True,4,15.0,16.0,100,456,122004.33279808005,121604.33291490003,400.0,4.0,"m1,m2,m3,m10",0.0,18005.85901980225,0.0,0.0,0.0,0.0,20,158.17141437530518,2026-06-19_024555_sweep_csam4_dm15.0_dv16.0_F100_s456,experiments\2026-06-19_024555_sweep_csam4_dm15.0_dv16.0_F100_s456,csam4_dm15.0_dv16.0_F100_s456,4,456,1.0,"{'regular': 'experiments\\2026-06-19_024555_sweep_csam4_dm15.0_dv16.0_F100_s456\\visualizations\\flows_regular.csv', 'qq': 'experiments\\2026-06-19_024555_sweep_csam4_dm15.0_dv16.0_F100_s456\\visualizations\\flows_qq.csv'}","{'markdown': 'experiments\\2026-06-19_024555_sweep_csam4_dm15.0_dv16.0_F100_s456\\reports\\run_report.md', 'pdf': 'experiments\\2026-06-19_024555_sweep_csam4_dm15.0_dv16.0_F100_s456\\reports\\run_report.pdf'}"
csam4_dm15.0_dv4.0_F100_s123,feasible,True,4,15.0,4.0,100,123,121872.80148399992,121472.8016425999,400.0,4.0,"m1,m2,m3,m10",0.0,17926.772648170954,0.0,0.0,0.0,0.0,20,160.60431694984436,2026-06-19_023238_sweep_csam4_dm15.0_dv4.0_F100_s123,experiments\2026-06-19_023238_sweep_csam4_dm15.0_dv4.0_F100_s123,csam4_dm15.0_dv4.0_F100_s123,4,123,1.0,"{'regular': 'experiments\\2026-06-19_023238_sweep_csam4_dm15.0_dv4.0_F100_s123\\visualizations\\flows_regular.csv', 'qq': 'experiments\\2026-06-19_023238_sweep_csam4_dm15.0_dv4.0_F100_s123\\visualizations\\flows_qq.csv'}","{'markdown': 'experiments\\2026-06-19_023238_sweep_csam4_dm15.0_dv4.0_F100_s123\\reports\\run_report.md', 'pdf': 'experiments\\2026-06-19_023238_sweep_csam4_dm15.0_dv4.0_F100_s123\\reports\\run_report.pdf'}"
csam4_dm15.0_dv4.0_F100_s42,feasible,True,4,15.0,4.0,100,42,125440.35253949996,125040.35275649995,400.0,4.0,"m1,m2,m3,m10",0.0,18092.117318042623,0.0,0.0,0.0,0.0,20,161.98016166687012,2026-06-19_022715_sweep_csam4_dm15.0_dv4.0_F100_s42,experiments\2026-06-19_022715_sweep_csam4_dm15.0_dv4.0_F100_s42,csam4_dm15.0_dv4.0_F100_s42,4,42,1.0,"{'regular': 'experiments\\2026-06-19_022715_sweep_csam4_dm15.0_dv4.0_F100_s42\\visualizations\\flows_regular.csv', 'qq': 'experiments\\2026-06-19_022715_sweep_csam4_dm15.0_dv4.0_F100_s42\\visualizations\\flows_qq.csv'}","{'markdown': 'experiments\\2026-06-19_022715_sweep_csam4_dm15.0_dv4.0_F100_s42\\reports\\run_report.md', 'pdf': 'experiments\\2026-06-19_022715_sweep_csam4_dm15.0_dv4.0_F100_s42\\reports\\run_report.pdf'}"
csam4_dm15.0_dv4.0_F100_s456,feasible,True,4,15.0,4.0,100,456,123077.16634139993,122677.16648069998,400.0,4.0,"m1,m2,m3,m10",0.0,18002.929509901125,0.0,0.0,0.0,0.0,20,160.64285802841187,2026-06-19_022957_sweep_csam4_dm15.0_dv4.0_F100_s456,experiments\2026-06-19_022957_sweep_csam4_dm15.0_dv4.0_F100_s456,csam4_dm15.0_dv4.0_F100_s456,4,456,1.0,"{'regular': 'experiments\\2026-06-19_022957_sweep_csam4_dm15.0_dv4.0_F100_s456\\visualizations\\flows_regular.csv', 'qq': 'experiments\\2026-06-19_022957_sweep_csam4_dm15.0_dv4.0_F100_s456\\visualizations\\flows_qq.csv'}","{'markdown': 'experiments\\2026-06-19_022957_sweep_csam4_dm15.0_dv4.0_F100_s456\\reports\\run_report.md', 'pdf': 'experiments\\2026-06-19_022957_sweep_csam4_dm15.0_dv4.0_F100_s456\\reports\\run_report.pdf'}"
csam4_dm15.0_dv9.0_F100_s123,feasible,True,4,15.0,9.0,100,123,120734.20244640016,120334.20257780007,400.0,4.0,"m1,m2,m3,m10",0.0,17890.15897225643,0.0,0.0,0.0,0.0,20,158.1009590625763,2026-06-19_024039_sweep_csam4_dm15.0_dv9.0_F100_s123,experiments\2026-06-19_024039_sweep_csam4_dm15.0_dv9.0_F100_s123,csam4_dm15.0_dv9.0_F100_s123,4,123,1.0,"{'regular': 'experiments\\2026-06-19_024039_sweep_csam4_dm15.0_dv9.0_F100_s123\\visualizations\\flows_regular.csv', 'qq': 'experiments\\2026-06-19_024039_sweep_csam4_dm15.0_dv9.0_F100_s123\\visualizations\\flows_qq.csv'}","{'markdown': 'experiments\\2026-06-19_024039_sweep_csam4_dm15.0_dv9.0_F100_s123\\reports\\run_report.md', 'pdf': 'experiments\\2026-06-19_024039_sweep_csam4_dm15.0_dv9.0_F100_s123\\reports\\run_report.pdf'}"
csam4_dm15.0_dv9.0_F100_s42,feasible,True,4,15.0,9.0,100,42,126085.52883619996,125685.52894419998,400.0,4.0,"m1,m2,m3,m10",0.0,18138.175977063936,0.0,0.0,0.0,0.0,20,160.7990119457245,2026-06-19_023518_sweep_csam4_dm15.0_dv9.0_F100_s42,experiments\2026-06-19_023518_sweep_csam4_dm15.0_dv9.0_F100_s42,csam4_dm15.0_dv9.0_F100_s42,4,42,1.0,"{'regular': 'experiments\\2026-06-19_023518_sweep_csam4_dm15.0_dv9.0_F100_s42\\visualizations\\flows_regular.csv', 'qq': 'experiments\\2026-06-19_023518_sweep_csam4_dm15.0_dv9.0_F100_s42\\visualizations\\flows_qq.csv'}","{'markdown': 'experiments\\2026-06-19_023518_sweep_csam4_dm15.0_dv9.0_F100_s42\\reports\\run_report.md', 'pdf': 'experiments\\2026-06-19_023518_sweep_csam4_dm15.0_dv9.0_F100_s42\\reports\\run_report.pdf'}"
csam4_dm15.0_dv9.0_F100_s456,feasible,True,4,15.0,9.0,100,456,122540.74956700002,122140.74972540005,400.0,4.0,"m1,m2,m3,m10",0.0,18004.394264851686,0.0,0.0,0.0,0.0,20,159.70366787910461,2026-06-19_023759_sweep_csam4_dm15.0_dv9.0_F100_s456,experiments\2026-06-19_023759_sweep_csam4_dm15.0_dv9.0_F100_s456,csam4_dm15.0_dv9.0_F100_s456,4,456,1.0,"{'regular': 'experiments\\2026-06-19_023759_sweep_csam4_dm15.0_dv9.0_F100_s456\\visualizations\\flows_regular.csv', 'qq': 'experiments\\2026-06-19_023759_sweep_csam4_dm15.0_dv9.0_F100_s456\\visualizations\\flows_qq.csv'}","{'markdown': 'experiments\\2026-06-19_023759_sweep_csam4_dm15.0_dv9.0_F100_s456\\reports\\run_report.md', 'pdf': 'experiments\\2026-06-19_023759_sweep_csam4_dm15.0_dv9.0_F100_s456\\reports\\run_report.pdf'}"
csam4_dm18.0_dv16.0_F100_s123,feasible,True,4,18.0,16.0,100,123,459435.63756589487,459035.63756589487,400.0,4.0,"m1,m2,m3,m10",0.0,21453.545296341905,309.1403838,1.4409757433085535,0.0,309.1403838,6,47.74876260757446,2026-06-19_030644_sweep_csam4_dm18.0_dv16.0_F100_s123,experiments\2026-06-19_030644_sweep_csam4_dm18.0_dv16.0_F100_s123,csam4_dm18.0_dv16.0_F100_s123,4,123,1.0,"{'regular': 'experiments\\2026-06-19_030644_sweep_csam4_dm18.0_dv16.0_F100_s123\\visualizations\\flows_regular.csv', 'qq': 'experiments\\2026-06-19_030644_sweep_csam4_dm18.0_dv16.0_F100_s123\\visualizations\\flows_qq.csv'}","{'markdown': 'experiments\\2026-06-19_030644_sweep_csam4_dm18.0_dv16.0_F100_s123\\reports\\run_report.md', 'pdf': 'experiments\\2026-06-19_030644_sweep_csam4_dm18.0_dv16.0_F100_s123\\reports\\run_report.pdf'}"
csam4_dm18.0_dv16.0_F100_s42,feasible,True,4,18.0,16.0,100,42,650653.8506923999,650253.8506923999,400.0,4.0,"m1,m2,m3,m10",0.0,21784.234636085246,499.6416675,2.293592939328478,0.0,499.6416675,20,159.30094027519226,2026-06-19_030126_sweep_csam4_dm18.0_dv16.0_F100_s42,experiments\2026-06-19_030126_sweep_csam4_dm18.0_dv16.0_F100_s42,csam4_dm18.0_dv16.0_F100_s42,4,42,1.0,"{'regular': 'experiments\\2026-06-19_030126_sweep_csam4_dm18.0_dv16.0_F100_s42\\visualizations\\flows_regular.csv', 'qq': 'experiments\\2026-06-19_030126_sweep_csam4_dm18.0_dv16.0_F100_s42\\visualizations\\flows_qq.csv'}","{'markdown': 'experiments\\2026-06-19_030126_sweep_csam4_dm18.0_dv16.0_F100_s42\\reports\\run_report.md', 'pdf': 'experiments\\2026-06-19_030126_sweep_csam4_dm18.0_dv16.0_F100_s42\\reports\\run_report.pdf'}"
csam4_dm18.0_dv16.0_F100_s456,feasible,True,4,18.0,16.0,100,456,527510.2009098607,527110.2009098607,400.0,4.0,"m1,m2,m3,m10",0.0,21605.85901980225,377.21812917,1.7459066488597894,0.0,377.21812917,20,158.5184772014618,2026-06-19_030405_sweep_csam4_dm18.0_dv16.0_F100_s456,experiments\2026-06-19_030405_sweep_csam4_dm18.0_dv16.0_F100_s456,csam4_dm18.0_dv16.0_F100_s456,4,456,1.0,"{'regular': 'experiments\\2026-06-19_030405_sweep_csam4_dm18.0_dv16.0_F100_s456\\visualizations\\flows_regular.csv', 'qq': 'experiments\\2026-06-19_030405_sweep_csam4_dm18.0_dv16.0_F100_s456\\visualizations\\flows_qq.csv'}","{'markdown': 'experiments\\2026-06-19_030405_sweep_csam4_dm18.0_dv16.0_F100_s456\\reports\\run_report.md', 'pdf': 'experiments\\2026-06-19_030405_sweep_csam4_dm18.0_dv16.0_F100_s456\\reports\\run_report.pdf'}"
csam4_dm18.0_dv4.0_F100_s123,feasible,True,4,18.0,4.0,100,123,524937.8184359651,524537.8184359651,400.0,4.0,"m1,m2,m3,m10",0.0,21526.772648170954,374.5701916,1.7400201958830355,0.0,374.5701916,6,47.13334250450134,2026-06-19_025627_sweep_csam4_dm18.0_dv4.0_F100_s123,experiments\2026-06-19_025627_sweep_csam4_dm18.0_dv4.0_F100_s123,csam4_dm18.0_dv4.0_F100_s123,4,123,1.0,"{'regular': 'experiments\\2026-06-19_025627_sweep_csam4_dm18.0_dv4.0_F100_s123\\visualizations\\flows_regular.csv', 'qq': 'experiments\\2026-06-19_025627_sweep_csam4_dm18.0_dv4.0_F100_s123\\visualizations\\flows_qq.csv'}","{'markdown': 'experiments\\2026-06-19_025627_sweep_csam4_dm18.0_dv4.0_F100_s123\\reports\\run_report.md', 'pdf': 'experiments\\2026-06-19_025627_sweep_csam4_dm18.0_dv4.0_F100_s123\\reports\\run_report.pdf'}"
csam4_dm18.0_dv4.0_F100_s42,feasible,True,4,18.0,4.0,100,42,620546.92382392,620146.92382392,400.0,4.0,"m1,m2,m3,m10",0.0,21692.117318042623,469.8208322,2.165859723657414,0.0,469.8208322,20,155.88706588745117,2026-06-19_025113_sweep_csam4_dm18.0_dv4.0_F100_s42,experiments\2026-06-19_025113_sweep_csam4_dm18.0_dv4.0_F100_s42,csam4_dm18.0_dv4.0_F100_s42,4,42,1.0,"{'regular': 'experiments\\2026-06-19_025113_sweep_csam4_dm18.0_dv4.0_F100_s42\\visualizations\\flows_regular.csv', 'qq': 'experiments\\2026-06-19_025113_sweep_csam4_dm18.0_dv4.0_F100_s42\\visualizations\\flows_qq.csv'}","{'markdown': 'experiments\\2026-06-19_025113_sweep_csam4_dm18.0_dv4.0_F100_s42\\reports\\run_report.md', 'pdf': 'experiments\\2026-06-19_025113_sweep_csam4_dm18.0_dv4.0_F100_s42\\reports\\run_report.pdf'}"
csam4_dm18.0_dv4.0_F100_s456,feasible,True,4,18.0,4.0,100,456,558975.1030440402,558575.1030440402,400.0,4.0,"m1,m2,m3,m10",0.0,21602.929509901125,408.6090671,1.8914521149213814,0.0,408.6090671,20,158.17820763587952,2026-06-19_025349_sweep_csam4_dm18.0_dv4.0_F100_s456,experiments\2026-06-19_025349_sweep_csam4_dm18.0_dv4.0_F100_s456,csam4_dm18.0_dv4.0_F100_s456,4,456,1.0,"{'regular': 'experiments\\2026-06-19_025349_sweep_csam4_dm18.0_dv4.0_F100_s456\\visualizations\\flows_regular.csv', 'qq': 'experiments\\2026-06-19_025349_sweep_csam4_dm18.0_dv4.0_F100_s456\\visualizations\\flows_qq.csv'}","{'markdown': 'experiments\\2026-06-19_025349_sweep_csam4_dm18.0_dv4.0_F100_s456\\reports\\run_report.md', 'pdf': 'experiments\\2026-06-19_025349_sweep_csam4_dm18.0_dv4.0_F100_s456\\reports\\run_report.pdf'}"
csam4_dm18.0_dv9.0_F100_s123,feasible,True,4,18.0,9.0,100,123,492186.728734795,491786.728734795,400.0,4.0,"m1,m2,m3,m10",0.0,21490.15897225643,341.85528833,1.5907527197510805,0.0,341.85528833,6,46.95629811286926,2026-06-19_030039_sweep_csam4_dm18.0_dv9.0_F100_s123,experiments\2026-06-19_030039_sweep_csam4_dm18.0_dv9.0_F100_s123,csam4_dm18.0_dv9.0_F100_s123,4,123,1.0,"{'regular': 'experiments\\2026-06-19_030039_sweep_csam4_dm18.0_dv9.0_F100_s123\\visualizations\\flows_regular.csv', 'qq': 'experiments\\2026-06-19_030039_sweep_csam4_dm18.0_dv9.0_F100_s123\\visualizations\\flows_qq.csv'}","{'markdown': 'experiments\\2026-06-19_030039_sweep_csam4_dm18.0_dv9.0_F100_s123\\reports\\run_report.md', 'pdf': 'experiments\\2026-06-19_030039_sweep_csam4_dm18.0_dv9.0_F100_s123\\reports\\run_report.pdf'}"
csam4_dm18.0_dv9.0_F100_s42,feasible,True,4,18.0,9.0,100,42,635600.3861738949,635200.3861738949,400.0,4.0,"m1,m2,m3,m10",0.0,21738.175977063936,484.7312488,2.2298616466783714,0.0,484.7312488,6,47.325610399246216,2026-06-19_025714_sweep_csam4_dm18.0_dv9.0_F100_s42,experiments\2026-06-19_025714_sweep_csam4_dm18.0_dv9.0_F100_s42,csam4_dm18.0_dv9.0_F100_s42,4,42,1.0,"{'regular': 'experiments\\2026-06-19_025714_sweep_csam4_dm18.0_dv9.0_F100_s42\\visualizations\\flows_regular.csv', 'qq': 'experiments\\2026-06-19_025714_sweep_csam4_dm18.0_dv9.0_F100_s42\\visualizations\\flows_qq.csv'}","{'markdown': 'experiments\\2026-06-19_025714_sweep_csam4_dm18.0_dv9.0_F100_s42\\reports\\run_report.md', 'pdf': 'experiments\\2026-06-19_025714_sweep_csam4_dm18.0_dv9.0_F100_s42\\reports\\run_report.pdf'}"
csam4_dm18.0_dv9.0_F100_s456,feasible,True,4,18.0,9.0,100,456,543242.652065765,542842.652065765,400.0,4.0,"m1,m2,m3,m10",0.0,21604.394264851686,392.9135983,1.8186744487404278,0.0,392.9135983,20,157.22997069358826,2026-06-19_025801_sweep_csam4_dm18.0_dv9.0_F100_s456,experiments\2026-06-19_025801_sweep_csam4_dm18.0_dv9.0_F100_s456,csam4_dm18.0_dv9.0_F100_s456,4,456,1.0,"{'regular': 'experiments\\2026-06-19_025801_sweep_csam4_dm18.0_dv9.0_F100_s456\\visualizations\\flows_regular.csv', 'qq': 'experiments\\2026-06-19_025801_sweep_csam4_dm18.0_dv9.0_F100_s456\\visualizations\\flows_qq.csv'}","{'markdown': 'experiments\\2026-06-19_025801_sweep_csam4_dm18.0_dv9.0_F100_s456\\reports\\run_report.md', 'pdf': 'experiments\\2026-06-19_025801_sweep_csam4_dm18.0_dv9.0_F100_s456\\reports\\run_report.pdf'}"
csam5_dm12.0_dv16.0_F100_s123,feasible,True,5,12.0,16.0,100,123,78201.19099170003,78001.19099170003,200.0,2.0,"m1,m2",3.0,14255.137737688196,0.0,0.0,0.0,0.0,20,158.34455251693726,2026-06-19_032844_sweep_csam5_dm12.0_dv16.0_F100_s123,experiments\2026-06-19_032844_sweep_csam5_dm12.0_dv16.0_F100_s123,csam5_dm12.0_dv16.0_F100_s123,5,123,1.0,"{'regular': 'experiments\\2026-06-19_032844_sweep_csam5_dm12.0_dv16.0_F100_s123\\visualizations\\flows_regular.csv', 'qq': 'experiments\\2026-06-19_032844_sweep_csam5_dm12.0_dv16.0_F100_s123\\visualizations\\flows_qq.csv'}","{'markdown': 'experiments\\2026-06-19_032844_sweep_csam5_dm12.0_dv16.0_F100_s123\\reports\\run_report.md', 'pdf': 'experiments\\2026-06-19_032844_sweep_csam5_dm12.0_dv16.0_F100_s123\\reports\\run_report.pdf'}"
csam5_dm12.0_dv16.0_F100_s42,feasible,True,5,12.0,16.0,100,42,85301.36673787018,85101.36673787018,200.0,2.0,"m1,m10",3.0,14585.199705445524,0.0,0.0,0.0,0.0,20,158.9644250869751,2026-06-19_032325_sweep_csam5_dm12.0_dv16.0_F100_s42,experiments\2026-06-19_032325_sweep_csam5_dm12.0_dv16.0_F100_s42,csam5_dm12.0_dv16.0_F100_s42,5,42,1.0,"{'regular': 'experiments\\2026-06-19_032325_sweep_csam5_dm12.0_dv16.0_F100_s42\\visualizations\\flows_regular.csv', 'qq': 'experiments\\2026-06-19_032325_sweep_csam5_dm12.0_dv16.0_F100_s42\\visualizations\\flows_qq.csv'}","{'markdown': 'experiments\\2026-06-19_032325_sweep_csam5_dm12.0_dv16.0_F100_s42\\reports\\run_report.md', 'pdf': 'experiments\\2026-06-19_032325_sweep_csam5_dm12.0_dv16.0_F100_s42\\reports\\run_report.pdf'}"
csam5_dm12.0_dv16.0_F100_s456,feasible,True,5,12.0,16.0,100,456,80572.85519202014,80372.85519202014,200.0,2.0,"m1,m10",3.0,14405.859019802248,0.0,0.0,0.0,0.0,20,159.47399592399597,2026-06-19_032604_sweep_csam5_dm12.0_dv16.0_F100_s456,experiments\2026-06-19_032604_sweep_csam5_dm12.0_dv16.0_F100_s456,csam5_dm12.0_dv16.0_F100_s456,5,456,1.0,"{'regular': 'experiments\\2026-06-19_032604_sweep_csam5_dm12.0_dv16.0_F100_s456\\visualizations\\flows_regular.csv', 'qq': 'experiments\\2026-06-19_032604_sweep_csam5_dm12.0_dv16.0_F100_s456\\visualizations\\flows_qq.csv'}","{'markdown': 'experiments\\2026-06-19_032604_sweep_csam5_dm12.0_dv16.0_F100_s456\\reports\\run_report.md', 'pdf': 'experiments\\2026-06-19_032604_sweep_csam5_dm12.0_dv16.0_F100_s456\\reports\\run_report.pdf'}"
csam5_dm12.0_dv4.0_F100_s123,feasible,True,5,12.0,4.0,100,123,80422.8586729549,80222.8586729549,200.0,2.0,"m1,m10",3.0,14326.772648170952,0.0,0.0,0.0,0.0,20,159.34977889060974,2026-06-19_031251_sweep_csam5_dm12.0_dv4.0_F100_s123,experiments\2026-06-19_031251_sweep_csam5_dm12.0_dv4.0_F100_s123,csam5_dm12.0_dv4.0_F100_s123,5,123,1.0,"{'regular': 'experiments\\2026-06-19_031251_sweep_csam5_dm12.0_dv4.0_F100_s123\\visualizations\\flows_regular.csv', 'qq': 'experiments\\2026-06-19_031251_sweep_csam5_dm12.0_dv4.0_F100_s123\\visualizations\\flows_qq.csv'}","{'markdown': 'experiments\\2026-06-19_031251_sweep_csam5_dm12.0_dv4.0_F100_s123\\reports\\run_report.md', 'pdf': 'experiments\\2026-06-19_031251_sweep_csam5_dm12.0_dv4.0_F100_s123\\reports\\run_report.pdf'}"
csam5_dm12.0_dv4.0_F100_s42,feasible,True,5,12.0,4.0,100,42,83990.35270049996,83790.35270049996,200.0,2.0,"m1,m10",3.0,14492.117318042623,0.0,0.0,0.0,0.0,20,160.1936650276184,2026-06-19_030732_sweep_csam5_dm12.0_dv4.0_F100_s42,experiments\2026-06-19_030732_sweep_csam5_dm12.0_dv4.0_F100_s42,csam5_dm12.0_dv4.0_F100_s42,5,42,1.0,"{'regular': 'experiments\\2026-06-19_030732_sweep_csam5_dm12.0_dv4.0_F100_s42\\visualizations\\flows_regular.csv', 'qq': 'experiments\\2026-06-19_030732_sweep_csam5_dm12.0_dv4.0_F100_s42\\visualizations\\flows_qq.csv'}","{'markdown': 'experiments\\2026-06-19_030732_sweep_csam5_dm12.0_dv4.0_F100_s42\\reports\\run_report.md', 'pdf': 'experiments\\2026-06-19_030732_sweep_csam5_dm12.0_dv4.0_F100_s42\\reports\\run_report.pdf'}"
csam5_dm12.0_dv4.0_F100_s456,feasible,True,5,12.0,4.0,100,456,81627.16649739999,81427.16649739999,200.0,2.0,"m1,m10",3.0,14402.929509901125,0.0,0.0,0.0,0.0,20,158.6938133239746,2026-06-19_031012_sweep_csam5_dm12.0_dv4.0_F100_s456,experiments\2026-06-19_031012_sweep_csam5_dm12.0_dv4.0_F100_s456,csam5_dm12.0_dv4.0_F100_s456,5,456,1.0,"{'regular': 'experiments\\2026-06-19_031012_sweep_csam5_dm12.0_dv4.0_F100_s456\\visualizations\\flows_regular.csv', 'qq': 'experiments\\2026-06-19_031012_sweep_csam5_dm12.0_dv4.0_F100_s456\\visualizations\\flows_qq.csv'}","{'markdown': 'experiments\\2026-06-19_031012_sweep_csam5_dm12.0_dv4.0_F100_s456\\reports\\run_report.md', 'pdf': 'experiments\\2026-06-19_031012_sweep_csam5_dm12.0_dv4.0_F100_s456\\reports\\run_report.pdf'}"
csam5_dm12.0_dv9.0_F100_s123,feasible,True,5,12.0,9.0,100,123,79296.41559145013,79096.41559145013,200.0,2.0,"m1,m2",3.0,14290.15897225643,0.0,0.0,0.0,0.0,20,156.94565558433533,2026-06-19_032048_sweep_csam5_dm12.0_dv9.0_F100_s123,experiments\2026-06-19_032048_sweep_csam5_dm12.0_dv9.0_F100_s123,csam5_dm12.0_dv9.0_F100_s123,5,123,1.0,"{'regular': 'experiments\\2026-06-19_032048_sweep_csam5_dm12.0_dv9.0_F100_s123\\visualizations\\flows_regular.csv', 'qq': 'experiments\\2026-06-19_032048_sweep_csam5_dm12.0_dv9.0_F100_s123\\visualizations\\flows_qq.csv'}","{'markdown': 'experiments\\2026-06-19_032048_sweep_csam5_dm12.0_dv9.0_F100_s123\\reports\\run_report.md', 'pdf': 'experiments\\2026-06-19_032048_sweep_csam5_dm12.0_dv9.0_F100_s123\\reports\\run_report.pdf'}"
csam5_dm12.0_dv9.0_F100_s42,feasible,True,5,12.0,9.0,100,42,84635.52893490001,84435.52893490001,200.0,2.0,"m1,m10",3.0,14538.175977063936,0.0,0.0,0.0,0.0,20,160.05184888839722,2026-06-19_031530_sweep_csam5_dm12.0_dv9.0_F100_s42,experiments\2026-06-19_031530_sweep_csam5_dm12.0_dv9.0_F100_s42,csam5_dm12.0_dv9.0_F100_s42,5,42,1.0,"{'regular': 'experiments\\2026-06-19_031530_sweep_csam5_dm12.0_dv9.0_F100_s42\\visualizations\\flows_regular.csv', 'qq': 'experiments\\2026-06-19_031530_sweep_csam5_dm12.0_dv9.0_F100_s42\\visualizations\\flows_qq.csv'}","{'markdown': 'experiments\\2026-06-19_031530_sweep_csam5_dm12.0_dv9.0_F100_s42\\reports\\run_report.md', 'pdf': 'experiments\\2026-06-19_031530_sweep_csam5_dm12.0_dv9.0_F100_s42\\reports\\run_report.pdf'}"
csam5_dm12.0_dv9.0_F100_s456,feasible,True,5,12.0,9.0,100,456,81096.13055125001,80896.13055125001,200.0,2.0,"m1,m10",3.0,14404.394264851688,0.0,0.0,0.0,0.0,20,158.06572937965393,2026-06-19_031810_sweep_csam5_dm12.0_dv9.0_F100_s456,experiments\2026-06-19_031810_sweep_csam5_dm12.0_dv9.0_F100_s456,csam5_dm12.0_dv9.0_F100_s456,5,456,1.0,"{'regular': 'experiments\\2026-06-19_031810_sweep_csam5_dm12.0_dv9.0_F100_s456\\visualizations\\flows_regular.csv', 'qq': 'experiments\\2026-06-19_031810_sweep_csam5_dm12.0_dv9.0_F100_s456\\visualizations\\flows_qq.csv'}","{'markdown': 'experiments\\2026-06-19_031810_sweep_csam5_dm12.0_dv9.0_F100_s456\\reports\\run_report.md', 'pdf': 'experiments\\2026-06-19_031810_sweep_csam5_dm12.0_dv9.0_F100_s456\\reports\\run_report.pdf'}"
csam5_dm15.0_dv16.0_F100_s123,feasible,True,5,15.0,16.0,100,123,119595.60324349995,119195.6033207999,400.0,4.0,"m1,m2,m3,m10",1.0,17853.545296341905,0.0,0.0,0.0,0.0,20,157.47944140434265,2026-06-19_035223_sweep_csam5_dm15.0_dv16.0_F100_s123,experiments\2026-06-19_035223_sweep_csam5_dm15.0_dv16.0_F100_s123,csam5_dm15.0_dv16.0_F100_s123,5,123,1.0,"{'regular': 'experiments\\2026-06-19_035223_sweep_csam5_dm15.0_dv16.0_F100_s123\\visualizations\\flows_regular.csv', 'qq': 'experiments\\2026-06-19_035223_sweep_csam5_dm15.0_dv16.0_F100_s123\\visualizations\\flows_qq.csv'}","{'markdown': 'experiments\\2026-06-19_035223_sweep_csam5_dm15.0_dv16.0_F100_s123\\reports\\run_report.md', 'pdf': 'experiments\\2026-06-19_035223_sweep_csam5_dm15.0_dv16.0_F100_s123\\reports\\run_report.pdf'}"
csam5_dm15.0_dv16.0_F100_s42,feasible,True,5,15.0,16.0,100,42,126730.70510218,126330.7051408,400.0,4.0,"m1,m2,m3,m10",1.0,18184.234636085246,0.0,0.0,0.0,0.0,20,157.49984192848206,2026-06-19_034709_sweep_csam5_dm15.0_dv16.0_F100_s42,experiments\2026-06-19_034709_sweep_csam5_dm15.0_dv16.0_F100_s42,csam5_dm15.0_dv16.0_F100_s42,5,42,1.0,"{'regular': 'experiments\\2026-06-19_034709_sweep_csam5_dm15.0_dv16.0_F100_s42\\visualizations\\flows_regular.csv', 'qq': 'experiments\\2026-06-19_034709_sweep_csam5_dm15.0_dv16.0_F100_s42\\visualizations\\flows_qq.csv'}","{'markdown': 'experiments\\2026-06-19_034709_sweep_csam5_dm15.0_dv16.0_F100_s42\\reports\\run_report.md', 'pdf': 'experiments\\2026-06-19_034709_sweep_csam5_dm15.0_dv16.0_F100_s42\\reports\\run_report.pdf'}"
csam5_dm15.0_dv16.0_F100_s456,feasible,True,5,15.0,16.0,100,456,122004.33278226001,121604.33291490003,400.0,4.0,"m1,m2,m3,m10",1.0,18005.85901980225,0.0,0.0,0.0,0.0,20,156.48012495040894,2026-06-19_034947_sweep_csam5_dm15.0_dv16.0_F100_s456,experiments\2026-06-19_034947_sweep_csam5_dm15.0_dv16.0_F100_s456,csam5_dm15.0_dv16.0_F100_s456,5,456,1.0,"{'regular': 'experiments\\2026-06-19_034947_sweep_csam5_dm15.0_dv16.0_F100_s456\\visualizations\\flows_regular.csv', 'qq': 'experiments\\2026-06-19_034947_sweep_csam5_dm15.0_dv16.0_F100_s456\\visualizations\\flows_qq.csv'}","{'markdown': 'experiments\\2026-06-19_034947_sweep_csam5_dm15.0_dv16.0_F100_s456\\reports\\run_report.md', 'pdf': 'experiments\\2026-06-19_034947_sweep_csam5_dm15.0_dv16.0_F100_s456\\reports\\run_report.pdf'}"
csam5_dm15.0_dv4.0_F100_s123,feasible,True,5,15.0,4.0,100,123,121872.8015609999,121472.8016425999,400.0,4.0,"m1,m2,m3,m10",1.0,17926.772648170954,0.0,0.0,0.0,0.0,20,158.38471055030823,2026-06-19_033639_sweep_csam5_dm15.0_dv4.0_F100_s123,experiments\2026-06-19_033639_sweep_csam5_dm15.0_dv4.0_F100_s123,csam5_dm15.0_dv4.0_F100_s123,5,123,1.0,"{'regular': 'experiments\\2026-06-19_033639_sweep_csam5_dm15.0_dv4.0_F100_s123\\visualizations\\flows_regular.csv', 'qq': 'experiments\\2026-06-19_033639_sweep_csam5_dm15.0_dv4.0_F100_s123\\visualizations\\flows_qq.csv'}","{'markdown': 'experiments\\2026-06-19_033639_sweep_csam5_dm15.0_dv4.0_F100_s123\\reports\\run_report.md', 'pdf': 'experiments\\2026-06-19_033639_sweep_csam5_dm15.0_dv4.0_F100_s123\\reports\\run_report.pdf'}"
csam5_dm15.0_dv4.0_F100_s42,feasible,True,5,15.0,4.0,100,42,125440.35253949996,125040.35275649995,400.0,4.0,"m1,m2,m3,m10",1.0,18092.117318042623,0.0,0.0,0.0,0.0,20,157.94874620437622,2026-06-19_033122_sweep_csam5_dm15.0_dv4.0_F100_s42,experiments\2026-06-19_033122_sweep_csam5_dm15.0_dv4.0_F100_s42,csam5_dm15.0_dv4.0_F100_s42,5,42,1.0,"{'regular': 'experiments\\2026-06-19_033122_sweep_csam5_dm15.0_dv4.0_F100_s42\\visualizations\\flows_regular.csv', 'qq': 'experiments\\2026-06-19_033122_sweep_csam5_dm15.0_dv4.0_F100_s42\\visualizations\\flows_qq.csv'}","{'markdown': 'experiments\\2026-06-19_033122_sweep_csam5_dm15.0_dv4.0_F100_s42\\reports\\run_report.md', 'pdf': 'experiments\\2026-06-19_033122_sweep_csam5_dm15.0_dv4.0_F100_s42\\reports\\run_report.pdf'}"
csam5_dm15.0_dv4.0_F100_s456,feasible,True,5,15.0,4.0,100,456,123077.16635749995,122677.16648069998,400.0,4.0,"m1,m2,m3,m10",1.0,18002.929509901125,0.0,0.0,0.0,0.0,20,158.4132010936737,2026-06-19_033400_sweep_csam5_dm15.0_dv4.0_F100_s456,experiments\2026-06-19_033400_sweep_csam5_dm15.0_dv4.0_F100_s456,csam5_dm15.0_dv4.0_F100_s456,5,456,1.0,"{'regular': 'experiments\\2026-06-19_033400_sweep_csam5_dm15.0_dv4.0_F100_s456\\visualizations\\flows_regular.csv', 'qq': 'experiments\\2026-06-19_033400_sweep_csam5_dm15.0_dv4.0_F100_s456\\visualizations\\flows_qq.csv'}","{'markdown': 'experiments\\2026-06-19_033400_sweep_csam5_dm15.0_dv4.0_F100_s456\\reports\\run_report.md', 'pdf': 'experiments\\2026-06-19_033400_sweep_csam5_dm15.0_dv4.0_F100_s456\\reports\\run_report.pdf'}"
csam5_dm15.0_dv9.0_F100_s123,feasible,True,5,15.0,9.0,100,123,120734.20241380014,120334.20257780007,400.0,4.0,"m1,m2,m3,m10",1.0,17890.15897225643,0.0,0.0,0.0,0.0,20,157.49003791809082,2026-06-19_034432_sweep_csam5_dm15.0_dv9.0_F100_s123,experiments\2026-06-19_034432_sweep_csam5_dm15.0_dv9.0_F100_s123,csam5_dm15.0_dv9.0_F100_s123,5,123,1.0,"{'regular': 'experiments\\2026-06-19_034432_sweep_csam5_dm15.0_dv9.0_F100_s123\\visualizations\\flows_regular.csv', 'qq': 'experiments\\2026-06-19_034432_sweep_csam5_dm15.0_dv9.0_F100_s123\\visualizations\\flows_qq.csv'}","{'markdown': 'experiments\\2026-06-19_034432_sweep_csam5_dm15.0_dv9.0_F100_s123\\reports\\run_report.md', 'pdf': 'experiments\\2026-06-19_034432_sweep_csam5_dm15.0_dv9.0_F100_s123\\reports\\run_report.pdf'}"
csam5_dm15.0_dv9.0_F100_s42,feasible,True,5,15.0,9.0,100,42,126085.52883619996,125685.52894419998,400.0,4.0,"m1,m2,m3,m10",1.0,18138.175977063936,0.0,0.0,0.0,0.0,20,157.5619251728058,2026-06-19_033917_sweep_csam5_dm15.0_dv9.0_F100_s42,experiments\2026-06-19_033917_sweep_csam5_dm15.0_dv9.0_F100_s42,csam5_dm15.0_dv9.0_F100_s42,5,42,1.0,"{'regular': 'experiments\\2026-06-19_033917_sweep_csam5_dm15.0_dv9.0_F100_s42\\visualizations\\flows_regular.csv', 'qq': 'experiments\\2026-06-19_033917_sweep_csam5_dm15.0_dv9.0_F100_s42\\visualizations\\flows_qq.csv'}","{'markdown': 'experiments\\2026-06-19_033917_sweep_csam5_dm15.0_dv9.0_F100_s42\\reports\\run_report.md', 'pdf': 'experiments\\2026-06-19_033917_sweep_csam5_dm15.0_dv9.0_F100_s42\\reports\\run_report.pdf'}"
csam5_dm15.0_dv9.0_F100_s456,feasible,True,5,15.0,9.0,100,456,122540.74953300001,122140.74972540005,400.0,4.0,"m1,m2,m3,m10",1.0,18004.394264851686,0.0,0.0,0.0,0.0,20,156.6998414993286,2026-06-19_034155_sweep_csam5_dm15.0_dv9.0_F100_s456,experiments\2026-06-19_034155_sweep_csam5_dm15.0_dv9.0_F100_s456,csam5_dm15.0_dv9.0_F100_s456,5,456,1.0,"{'regular': 'experiments\\2026-06-19_034155_sweep_csam5_dm15.0_dv9.0_F100_s456\\visualizations\\flows_regular.csv', 'qq': 'experiments\\2026-06-19_034155_sweep_csam5_dm15.0_dv9.0_F100_s456\\visualizations\\flows_qq.csv'}","{'markdown': 'experiments\\2026-06-19_034155_sweep_csam5_dm15.0_dv9.0_F100_s456\\reports\\run_report.md', 'pdf': 'experiments\\2026-06-19_034155_sweep_csam5_dm15.0_dv9.0_F100_s456\\reports\\run_report.pdf'}"
csam5_dm18.0_dv16.0_F100_s123,feasible,True,5,18.0,16.0,100,123,160965.91710395002,160465.91727789608,500.0,5.0,"m1,m2,m3,m4,m10",0.0,21453.545296341905,0.0,0.0,0.0,0.0,20,160.8668510913849,2026-06-19_041612_sweep_csam5_dm18.0_dv16.0_F100_s123,experiments\2026-06-19_041612_sweep_csam5_dm18.0_dv16.0_F100_s123,csam5_dm18.0_dv16.0_F100_s123,5,123,1.0,"{'regular': 'experiments\\2026-06-19_041612_sweep_csam5_dm18.0_dv16.0_F100_s123\\visualizations\\flows_regular.csv', 'qq': 'experiments\\2026-06-19_041612_sweep_csam5_dm18.0_dv16.0_F100_s123\\visualizations\\flows_qq.csv'}","{'markdown': 'experiments\\2026-06-19_041612_sweep_csam5_dm18.0_dv16.0_F100_s123\\reports\\run_report.md', 'pdf': 'experiments\\2026-06-19_041612_sweep_csam5_dm18.0_dv16.0_F100_s123\\reports\\run_report.pdf'}"
csam5_dm18.0_dv16.0_F100_s42,feasible,True,5,18.0,16.0,100,42,232491.91239917983,231991.91267746978,500.0,5.0,"m1,m2,m3,m4,m10",0.0,21784.234636085246,66.64379770000001,0.3059267346928296,0.0,66.64379770000001,20,159.62509942054749,2026-06-19_041052_sweep_csam5_dm18.0_dv16.0_F100_s42,experiments\2026-06-19_041052_sweep_csam5_dm18.0_dv16.0_F100_s42,csam5_dm18.0_dv16.0_F100_s42,5,42,1.0,"{'regular': 'experiments\\2026-06-19_041052_sweep_csam5_dm18.0_dv16.0_F100_s42\\visualizations\\flows_regular.csv', 'qq': 'experiments\\2026-06-19_041052_sweep_csam5_dm18.0_dv16.0_F100_s42\\visualizations\\flows_qq.csv'}","{'markdown': 'experiments\\2026-06-19_041052_sweep_csam5_dm18.0_dv16.0_F100_s42\\reports\\run_report.md', 'pdf': 'experiments\\2026-06-19_041052_sweep_csam5_dm18.0_dv16.0_F100_s42\\reports\\run_report.pdf'}"
csam5_dm18.0_dv16.0_F100_s456,feasible,True,5,18.0,16.0,100,456,187052.0835366647,186552.08378556476,500.0,5.0,"m1,m2,m3,m4,m10",0.0,21605.85901980225,24.632624800000002,0.11400900458261648,0.0,24.632624800000002,20,161.05723357200623,2026-06-19_041331_sweep_csam5_dm18.0_dv16.0_F100_s456,experiments\2026-06-19_041331_sweep_csam5_dm18.0_dv16.0_F100_s456,csam5_dm18.0_dv16.0_F100_s456,5,456,1.0,"{'regular': 'experiments\\2026-06-19_041331_sweep_csam5_dm18.0_dv16.0_F100_s456\\visualizations\\flows_regular.csv', 'qq': 'experiments\\2026-06-19_041331_sweep_csam5_dm18.0_dv16.0_F100_s456\\visualizations\\flows_qq.csv'}","{'markdown': 'experiments\\2026-06-19_041331_sweep_csam5_dm18.0_dv16.0_F100_s456\\reports\\run_report.md', 'pdf': 'experiments\\2026-06-19_041331_sweep_csam5_dm18.0_dv16.0_F100_s456\\reports\\run_report.pdf'}"
csam5_dm18.0_dv4.0_F100_s123,feasible,True,5,18.0,4.0,100,123,163232.95853587193,162732.95853587193,500.0,5.0,"m1,m2,m3,m4,m10",0.0,21526.772648170954,0.0,0.0,0.0,0.0,20,157.88314390182495,2026-06-19_040017_sweep_csam5_dm18.0_dv4.0_F100_s123,experiments\2026-06-19_040017_sweep_csam5_dm18.0_dv4.0_F100_s123,csam5_dm18.0_dv4.0_F100_s123,5,123,1.0,"{'regular': 'experiments\\2026-06-19_040017_sweep_csam5_dm18.0_dv4.0_F100_s123\\visualizations\\flows_regular.csv', 'qq': 'experiments\\2026-06-19_040017_sweep_csam5_dm18.0_dv4.0_F100_s123\\visualizations\\flows_qq.csv'}","{'markdown': 'experiments\\2026-06-19_040017_sweep_csam5_dm18.0_dv4.0_F100_s123\\reports\\run_report.md', 'pdf': 'experiments\\2026-06-19_040017_sweep_csam5_dm18.0_dv4.0_F100_s123\\reports\\run_report.pdf'}"
csam5_dm18.0_dv4.0_F100_s42,feasible,True,5,18.0,4.0,100,42,198995.95597785496,198495.95631451992,500.0,5.0,"m1,m2,m3,m4,m10",0.0,21692.117318042623,33.3218987,0.15361293787713473,0.0,33.3218987,20,157.31594014167786,2026-06-19_035501_sweep_csam5_dm18.0_dv4.0_F100_s42,experiments\2026-06-19_035501_sweep_csam5_dm18.0_dv4.0_F100_s42,csam5_dm18.0_dv4.0_F100_s42,5,42,1.0,"{'regular': 'experiments\\2026-06-19_035501_sweep_csam5_dm18.0_dv4.0_F100_s42\\visualizations\\flows_regular.csv', 'qq': 'experiments\\2026-06-19_035501_sweep_csam5_dm18.0_dv4.0_F100_s42\\visualizations\\flows_qq.csv'}","{'markdown': 'experiments\\2026-06-19_035501_sweep_csam5_dm18.0_dv4.0_F100_s42\\reports\\run_report.md', 'pdf': 'experiments\\2026-06-19_035501_sweep_csam5_dm18.0_dv4.0_F100_s42\\reports\\run_report.pdf'}"
csam5_dm18.0_dv4.0_F100_s456,feasible,True,5,18.0,4.0,100,456,176276.04152324973,175776.04187465474,500.0,5.0,"m1,m2,m3,m4,m10",0.0,21602.929509901125,12.3163124,0.05701223250464779,0.0,12.3163124,20,158.54512691497803,2026-06-19_035738_sweep_csam5_dm18.0_dv4.0_F100_s456,experiments\2026-06-19_035738_sweep_csam5_dm18.0_dv4.0_F100_s456,csam5_dm18.0_dv4.0_F100_s456,5,456,1.0,"{'regular': 'experiments\\2026-06-19_035738_sweep_csam5_dm18.0_dv4.0_F100_s456\\visualizations\\flows_regular.csv', 'qq': 'experiments\\2026-06-19_035738_sweep_csam5_dm18.0_dv4.0_F100_s456\\visualizations\\flows_qq.csv'}","{'markdown': 'experiments\\2026-06-19_035738_sweep_csam5_dm18.0_dv4.0_F100_s456\\reports\\run_report.md', 'pdf': 'experiments\\2026-06-19_035738_sweep_csam5_dm18.0_dv4.0_F100_s456\\reports\\run_report.pdf'}"
csam5_dm18.0_dv9.0_F100_s123,feasible,True,5,18.0,9.0,100,123,162099.43784110004,161599.43790901292,500.0,5.0,"m1,m2,m3,m4,m10",0.0,21490.15897225643,0.0,0.0,0.0,0.0,20,160.87353491783142,2026-06-19_040811_sweep_csam5_dm18.0_dv9.0_F100_s123,experiments\2026-06-19_040811_sweep_csam5_dm18.0_dv9.0_F100_s123,csam5_dm18.0_dv9.0_F100_s123,5,123,1.0,"{'regular': 'experiments\\2026-06-19_040811_sweep_csam5_dm18.0_dv9.0_F100_s123\\visualizations\\flows_regular.csv', 'qq': 'experiments\\2026-06-19_040811_sweep_csam5_dm18.0_dv9.0_F100_s123\\visualizations\\flows_qq.csv'}","{'markdown': 'experiments\\2026-06-19_040811_sweep_csam5_dm18.0_dv9.0_F100_s123\\reports\\run_report.md', 'pdf': 'experiments\\2026-06-19_040811_sweep_csam5_dm18.0_dv9.0_F100_s123\\reports\\run_report.pdf'}"
csam5_dm18.0_dv9.0_F100_s42,feasible,True,5,18.0,9.0,100,42,215743.9336811248,215243.93441034976,500.0,5.0,"m1,m2,m3,m4,m10",0.0,21738.175977063936,49.9828481,0.2299311964018378,0.0,49.9828481,20,156.85515356063843,2026-06-19_040255_sweep_csam5_dm18.0_dv9.0_F100_s42,experiments\2026-06-19_040255_sweep_csam5_dm18.0_dv9.0_F100_s42,csam5_dm18.0_dv9.0_F100_s42,5,42,1.0,"{'regular': 'experiments\\2026-06-19_040255_sweep_csam5_dm18.0_dv9.0_F100_s42\\visualizations\\flows_regular.csv', 'qq': 'experiments\\2026-06-19_040255_sweep_csam5_dm18.0_dv9.0_F100_s42\\visualizations\\flows_qq.csv'}","{'markdown': 'experiments\\2026-06-19_040255_sweep_csam5_dm18.0_dv9.0_F100_s42\\reports\\run_report.md', 'pdf': 'experiments\\2026-06-19_040255_sweep_csam5_dm18.0_dv9.0_F100_s42\\reports\\run_report.pdf'}"
csam5_dm18.0_dv9.0_F100_s456,feasible,True,5,18.0,9.0,100,456,181664.06242985997,181164.06278068497,500.0,5.0,"m1,m2,m3,m4,m10",0.0,21604.394264851686,18.474468599999998,0.08551255070389184,0.0,18.474468599999998,20,158.73992252349854,2026-06-19_040532_sweep_csam5_dm18.0_dv9.0_F100_s456,experiments\2026-06-19_040532_sweep_csam5_dm18.0_dv9.0_F100_s456,csam5_dm18.0_dv9.0_F100_s456,5,456,1.0,"{'regular': 'experiments\\2026-06-19_040532_sweep_csam5_dm18.0_dv9.0_F100_s456\\visualizations\\flows_regular.csv', 'qq': 'experiments\\2026-06-19_040532_sweep_csam5_dm18.0_dv9.0_F100_s456\\visualizations\\flows_qq.csv'}","{'markdown': 'experiments\\2026-06-19_040532_sweep_csam5_dm18.0_dv9.0_F100_s456\\reports\\run_report.md', 'pdf': 'experiments\\2026-06-19_040532_sweep_csam5_dm18.0_dv9.0_F100_s456\\reports\\run_report.pdf'}"
csam6_dm12.0_dv16.0_F100_s123,feasible,True,6,12.0,16.0,100,123,78201.19099170003,78001.19099170003,200.0,2.0,"m1,m2",4.0,14255.137737688196,0.0,0.0,0.0,0.0,20,159.48392820358276,2026-06-19_044011_sweep_csam6_dm12.0_dv16.0_F100_s123,experiments\2026-06-19_044011_sweep_csam6_dm12.0_dv16.0_F100_s123,csam6_dm12.0_dv16.0_F100_s123,6,123,1.0,"{'regular': 'experiments\\2026-06-19_044011_sweep_csam6_dm12.0_dv16.0_F100_s123\\visualizations\\flows_regular.csv', 'qq': 'experiments\\2026-06-19_044011_sweep_csam6_dm12.0_dv16.0_F100_s123\\visualizations\\flows_qq.csv'}","{'markdown': 'experiments\\2026-06-19_044011_sweep_csam6_dm12.0_dv16.0_F100_s123\\reports\\run_report.md', 'pdf': 'experiments\\2026-06-19_044011_sweep_csam6_dm12.0_dv16.0_F100_s123\\reports\\run_report.pdf'}"
csam6_dm12.0_dv16.0_F100_s42,feasible,True,6,12.0,16.0,100,42,85301.36673787018,85101.36673787018,200.0,2.0,"m1,m10",4.0,14585.199705445524,0.0,0.0,0.0,0.0,20,159.45424342155457,2026-06-19_043449_sweep_csam6_dm12.0_dv16.0_F100_s42,experiments\2026-06-19_043449_sweep_csam6_dm12.0_dv16.0_F100_s42,csam6_dm12.0_dv16.0_F100_s42,6,42,1.0,"{'regular': 'experiments\\2026-06-19_043449_sweep_csam6_dm12.0_dv16.0_F100_s42\\visualizations\\flows_regular.csv', 'qq': 'experiments\\2026-06-19_043449_sweep_csam6_dm12.0_dv16.0_F100_s42\\visualizations\\flows_qq.csv'}","{'markdown': 'experiments\\2026-06-19_043449_sweep_csam6_dm12.0_dv16.0_F100_s42\\reports\\run_report.md', 'pdf': 'experiments\\2026-06-19_043449_sweep_csam6_dm12.0_dv16.0_F100_s42\\reports\\run_report.pdf'}"
csam6_dm12.0_dv16.0_F100_s456,feasible,True,6,12.0,16.0,100,456,80572.85519202014,80372.85519202014,200.0,2.0,"m1,m10",4.0,14405.859019802248,0.0,0.0,0.0,0.0,20,163.1800901889801,2026-06-19_043728_sweep_csam6_dm12.0_dv16.0_F100_s456,experiments\2026-06-19_043728_sweep_csam6_dm12.0_dv16.0_F100_s456,csam6_dm12.0_dv16.0_F100_s456,6,456,1.0,"{'regular': 'experiments\\2026-06-19_043728_sweep_csam6_dm12.0_dv16.0_F100_s456\\visualizations\\flows_regular.csv', 'qq': 'experiments\\2026-06-19_043728_sweep_csam6_dm12.0_dv16.0_F100_s456\\visualizations\\flows_qq.csv'}","{'markdown': 'experiments\\2026-06-19_043728_sweep_csam6_dm12.0_dv16.0_F100_s456\\reports\\run_report.md', 'pdf': 'experiments\\2026-06-19_043728_sweep_csam6_dm12.0_dv16.0_F100_s456\\reports\\run_report.pdf'}"
csam6_dm12.0_dv4.0_F100_s123,feasible,True,6,12.0,4.0,100,123,80422.8586729549,80222.8586729549,200.0,2.0,"m1,m10",4.0,14326.772648170952,0.0,0.0,0.0,0.0,20,159.70391297340393,2026-06-19_042410_sweep_csam6_dm12.0_dv4.0_F100_s123,experiments\2026-06-19_042410_sweep_csam6_dm12.0_dv4.0_F100_s123,csam6_dm12.0_dv4.0_F100_s123,6,123,1.0,"{'regular': 'experiments\\2026-06-19_042410_sweep_csam6_dm12.0_dv4.0_F100_s123\\visualizations\\flows_regular.csv', 'qq': 'experiments\\2026-06-19_042410_sweep_csam6_dm12.0_dv4.0_F100_s123\\visualizations\\flows_qq.csv'}","{'markdown': 'experiments\\2026-06-19_042410_sweep_csam6_dm12.0_dv4.0_F100_s123\\reports\\run_report.md', 'pdf': 'experiments\\2026-06-19_042410_sweep_csam6_dm12.0_dv4.0_F100_s123\\reports\\run_report.pdf'}"
csam6_dm12.0_dv4.0_F100_s42,feasible,True,6,12.0,4.0,100,42,83990.35270049996,83790.35270049996,200.0,2.0,"m1,m10",4.0,14492.117318042623,0.0,0.0,0.0,0.0,20,159.9398534297943,2026-06-19_041853_sweep_csam6_dm12.0_dv4.0_F100_s42,experiments\2026-06-19_041853_sweep_csam6_dm12.0_dv4.0_F100_s42,csam6_dm12.0_dv4.0_F100_s42,6,42,1.0,"{'regular': 'experiments\\2026-06-19_041853_sweep_csam6_dm12.0_dv4.0_F100_s42\\visualizations\\flows_regular.csv', 'qq': 'experiments\\2026-06-19_041853_sweep_csam6_dm12.0_dv4.0_F100_s42\\visualizations\\flows_qq.csv'}","{'markdown': 'experiments\\2026-06-19_041853_sweep_csam6_dm12.0_dv4.0_F100_s42\\reports\\run_report.md', 'pdf': 'experiments\\2026-06-19_041853_sweep_csam6_dm12.0_dv4.0_F100_s42\\reports\\run_report.pdf'}"
csam6_dm12.0_dv4.0_F100_s456,feasible,True,6,12.0,4.0,100,456,81627.16649739999,81427.16649739999,200.0,2.0,"m1,m10",4.0,14402.929509901125,0.0,0.0,0.0,0.0,20,156.84335803985596,2026-06-19_042133_sweep_csam6_dm12.0_dv4.0_F100_s456,experiments\2026-06-19_042133_sweep_csam6_dm12.0_dv4.0_F100_s456,csam6_dm12.0_dv4.0_F100_s456,6,456,1.0,"{'regular': 'experiments\\2026-06-19_042133_sweep_csam6_dm12.0_dv4.0_F100_s456\\visualizations\\flows_regular.csv', 'qq': 'experiments\\2026-06-19_042133_sweep_csam6_dm12.0_dv4.0_F100_s456\\visualizations\\flows_qq.csv'}","{'markdown': 'experiments\\2026-06-19_042133_sweep_csam6_dm12.0_dv4.0_F100_s456\\reports\\run_report.md', 'pdf': 'experiments\\2026-06-19_042133_sweep_csam6_dm12.0_dv4.0_F100_s456\\reports\\run_report.pdf'}"
csam6_dm12.0_dv9.0_F100_s123,feasible,True,6,12.0,9.0,100,123,79296.41559145013,79096.41559145013,200.0,2.0,"m1,m2",4.0,14290.15897225643,0.0,0.0,0.0,0.0,20,159.80942106246948,2026-06-19_043209_sweep_csam6_dm12.0_dv9.0_F100_s123,experiments\2026-06-19_043209_sweep_csam6_dm12.0_dv9.0_F100_s123,csam6_dm12.0_dv9.0_F100_s123,6,123,1.0,"{'regular': 'experiments\\2026-06-19_043209_sweep_csam6_dm12.0_dv9.0_F100_s123\\visualizations\\flows_regular.csv', 'qq': 'experiments\\2026-06-19_043209_sweep_csam6_dm12.0_dv9.0_F100_s123\\visualizations\\flows_qq.csv'}","{'markdown': 'experiments\\2026-06-19_043209_sweep_csam6_dm12.0_dv9.0_F100_s123\\reports\\run_report.md', 'pdf': 'experiments\\2026-06-19_043209_sweep_csam6_dm12.0_dv9.0_F100_s123\\reports\\run_report.pdf'}"
csam6_dm12.0_dv9.0_F100_s42,feasible,True,6,12.0,9.0,100,42,84635.52893490001,84435.52893490001,200.0,2.0,"m1,m10",4.0,14538.175977063936,0.0,0.0,0.0,0.0,20,157.9013864994049,2026-06-19_042650_sweep_csam6_dm12.0_dv9.0_F100_s42,experiments\2026-06-19_042650_sweep_csam6_dm12.0_dv9.0_F100_s42,csam6_dm12.0_dv9.0_F100_s42,6,42,1.0,"{'regular': 'experiments\\2026-06-19_042650_sweep_csam6_dm12.0_dv9.0_F100_s42\\visualizations\\flows_regular.csv', 'qq': 'experiments\\2026-06-19_042650_sweep_csam6_dm12.0_dv9.0_F100_s42\\visualizations\\flows_qq.csv'}","{'markdown': 'experiments\\2026-06-19_042650_sweep_csam6_dm12.0_dv9.0_F100_s42\\reports\\run_report.md', 'pdf': 'experiments\\2026-06-19_042650_sweep_csam6_dm12.0_dv9.0_F100_s42\\reports\\run_report.pdf'}"
csam6_dm12.0_dv9.0_F100_s456,feasible,True,6,12.0,9.0,100,456,81096.13055125001,80896.13055125001,200.0,2.0,"m1,m10",4.0,14404.394264851688,0.0,0.0,0.0,0.0,20,160.5252742767334,2026-06-19_042928_sweep_csam6_dm12.0_dv9.0_F100_s456,experiments\2026-06-19_042928_sweep_csam6_dm12.0_dv9.0_F100_s456,csam6_dm12.0_dv9.0_F100_s456,6,456,1.0,"{'regular': 'experiments\\2026-06-19_042928_sweep_csam6_dm12.0_dv9.0_F100_s456\\visualizations\\flows_regular.csv', 'qq': 'experiments\\2026-06-19_042928_sweep_csam6_dm12.0_dv9.0_F100_s456\\visualizations\\flows_qq.csv'}","{'markdown': 'experiments\\2026-06-19_042928_sweep_csam6_dm12.0_dv9.0_F100_s456\\reports\\run_report.md', 'pdf': 'experiments\\2026-06-19_042928_sweep_csam6_dm12.0_dv9.0_F100_s456\\reports\\run_report.pdf'}"
csam6_dm15.0_dv16.0_F100_s123,feasible,True,6,15.0,16.0,100,123,119595.6033207999,119195.6033207999,400.0,4.0,"m1,m2,m3,m10",2.0,17853.545296341905,0.0,0.0,0.0,0.0,20,157.01878762245178,2026-06-19_050500_sweep_csam6_dm15.0_dv16.0_F100_s123,experiments\2026-06-19_050500_sweep_csam6_dm15.0_dv16.0_F100_s123,csam6_dm15.0_dv16.0_F100_s123,6,123,1.0,"{'regular': 'experiments\\2026-06-19_050500_sweep_csam6_dm15.0_dv16.0_F100_s123\\visualizations\\flows_regular.csv', 'qq': 'experiments\\2026-06-19_050500_sweep_csam6_dm15.0_dv16.0_F100_s123\\visualizations\\flows_qq.csv'}","{'markdown': 'experiments\\2026-06-19_050500_sweep_csam6_dm15.0_dv16.0_F100_s123\\reports\\run_report.md', 'pdf': 'experiments\\2026-06-19_050500_sweep_csam6_dm15.0_dv16.0_F100_s123\\reports\\run_report.pdf'}"
csam6_dm15.0_dv16.0_F100_s42,feasible,True,6,15.0,16.0,100,42,126730.7051408,126330.7051408,400.0,4.0,"m1,m2,m3,m10",2.0,18184.234636085246,0.0,0.0,0.0,0.0,20,157.73485016822815,2026-06-19_045945_sweep_csam6_dm15.0_dv16.0_F100_s42,experiments\2026-06-19_045945_sweep_csam6_dm15.0_dv16.0_F100_s42,csam6_dm15.0_dv16.0_F100_s42,6,42,1.0,"{'regular': 'experiments\\2026-06-19_045945_sweep_csam6_dm15.0_dv16.0_F100_s42\\visualizations\\flows_regular.csv', 'qq': 'experiments\\2026-06-19_045945_sweep_csam6_dm15.0_dv16.0_F100_s42\\visualizations\\flows_qq.csv'}","{'markdown': 'experiments\\2026-06-19_045945_sweep_csam6_dm15.0_dv16.0_F100_s42\\reports\\run_report.md', 'pdf': 'experiments\\2026-06-19_045945_sweep_csam6_dm15.0_dv16.0_F100_s42\\reports\\run_report.pdf'}"
csam6_dm15.0_dv16.0_F100_s456,feasible,True,6,15.0,16.0,100,456,122004.33291490003,121604.33291490003,400.0,4.0,"m1,m2,m3,m10",2.0,18005.85901980225,0.0,0.0,0.0,0.0,20,157.42187976837158,2026-06-19_050222_sweep_csam6_dm15.0_dv16.0_F100_s456,experiments\2026-06-19_050222_sweep_csam6_dm15.0_dv16.0_F100_s456,csam6_dm15.0_dv16.0_F100_s456,6,456,1.0,"{'regular': 'experiments\\2026-06-19_050222_sweep_csam6_dm15.0_dv16.0_F100_s456\\visualizations\\flows_regular.csv', 'qq': 'experiments\\2026-06-19_050222_sweep_csam6_dm15.0_dv16.0_F100_s456\\visualizations\\flows_qq.csv'}","{'markdown': 'experiments\\2026-06-19_050222_sweep_csam6_dm15.0_dv16.0_F100_s456\\reports\\run_report.md', 'pdf': 'experiments\\2026-06-19_050222_sweep_csam6_dm15.0_dv16.0_F100_s456\\reports\\run_report.pdf'}"
csam6_dm15.0_dv4.0_F100_s123,feasible,True,6,15.0,4.0,100,123,121872.8016425999,121472.8016425999,400.0,4.0,"m1,m2,m3,m10",2.0,17926.772648170954,0.0,0.0,0.0,0.0,20,160.77752137184143,2026-06-19_044903_sweep_csam6_dm15.0_dv4.0_F100_s123,experiments\2026-06-19_044903_sweep_csam6_dm15.0_dv4.0_F100_s123,csam6_dm15.0_dv4.0_F100_s123,6,123,1.0,"{'regular': 'experiments\\2026-06-19_044903_sweep_csam6_dm15.0_dv4.0_F100_s123\\visualizations\\flows_regular.csv', 'qq': 'experiments\\2026-06-19_044903_sweep_csam6_dm15.0_dv4.0_F100_s123\\visualizations\\flows_qq.csv'}","{'markdown': 'experiments\\2026-06-19_044903_sweep_csam6_dm15.0_dv4.0_F100_s123\\reports\\run_report.md', 'pdf': 'experiments\\2026-06-19_044903_sweep_csam6_dm15.0_dv4.0_F100_s123\\reports\\run_report.pdf'}"
csam6_dm15.0_dv4.0_F100_s42,feasible,True,6,15.0,4.0,100,42,125440.35275649995,125040.35275649995,400.0,4.0,"m1,m2,m3,m10",2.0,18092.117318042623,0.0,0.0,0.0,0.0,20,184.8206684589386,2026-06-19_044251_sweep_csam6_dm15.0_dv4.0_F100_s42,experiments\2026-06-19_044251_sweep_csam6_dm15.0_dv4.0_F100_s42,csam6_dm15.0_dv4.0_F100_s42,6,42,1.0,"{'regular': 'experiments\\2026-06-19_044251_sweep_csam6_dm15.0_dv4.0_F100_s42\\visualizations\\flows_regular.csv', 'qq': 'experiments\\2026-06-19_044251_sweep_csam6_dm15.0_dv4.0_F100_s42\\visualizations\\flows_qq.csv'}","{'markdown': 'experiments\\2026-06-19_044251_sweep_csam6_dm15.0_dv4.0_F100_s42\\reports\\run_report.md', 'pdf': 'experiments\\2026-06-19_044251_sweep_csam6_dm15.0_dv4.0_F100_s42\\reports\\run_report.pdf'}"
csam6_dm15.0_dv4.0_F100_s456,feasible,True,6,15.0,4.0,100,456,123077.16648069998,122677.16648069998,400.0,4.0,"m1,m2,m3,m10",2.0,18002.929509901125,0.0,0.0,0.0,0.0,20,187.67841982841492,2026-06-19_044556_sweep_csam6_dm15.0_dv4.0_F100_s456,experiments\2026-06-19_044556_sweep_csam6_dm15.0_dv4.0_F100_s456,csam6_dm15.0_dv4.0_F100_s456,6,456,1.0,"{'regular': 'experiments\\2026-06-19_044556_sweep_csam6_dm15.0_dv4.0_F100_s456\\visualizations\\flows_regular.csv', 'qq': 'experiments\\2026-06-19_044556_sweep_csam6_dm15.0_dv4.0_F100_s456\\visualizations\\flows_qq.csv'}","{'markdown': 'experiments\\2026-06-19_044556_sweep_csam6_dm15.0_dv4.0_F100_s456\\reports\\run_report.md', 'pdf': 'experiments\\2026-06-19_044556_sweep_csam6_dm15.0_dv4.0_F100_s456\\reports\\run_report.pdf'}"
csam6_dm15.0_dv9.0_F100_s123,feasible,True,6,15.0,9.0,100,123,120734.20257500015,120334.20257780007,400.0,4.0,"m1,m2,m3,m10",2.0,17890.15897225643,0.0,0.0,0.0,0.0,20,158.3902304172516,2026-06-19_045706_sweep_csam6_dm15.0_dv9.0_F100_s123,experiments\2026-06-19_045706_sweep_csam6_dm15.0_dv9.0_F100_s123,csam6_dm15.0_dv9.0_F100_s123,6,123,1.0,"{'regular': 'experiments\\2026-06-19_045706_sweep_csam6_dm15.0_dv9.0_F100_s123\\visualizations\\flows_regular.csv', 'qq': 'experiments\\2026-06-19_045706_sweep_csam6_dm15.0_dv9.0_F100_s123\\visualizations\\flows_qq.csv'}","{'markdown': 'experiments\\2026-06-19_045706_sweep_csam6_dm15.0_dv9.0_F100_s123\\reports\\run_report.md', 'pdf': 'experiments\\2026-06-19_045706_sweep_csam6_dm15.0_dv9.0_F100_s123\\reports\\run_report.pdf'}"
csam6_dm15.0_dv9.0_F100_s42,feasible,True,6,15.0,9.0,100,42,126085.52882899994,125685.52894419998,400.0,4.0,"m1,m2,m3,m10",2.0,18138.175977063936,0.0,0.0,0.0,0.0,20,159.3712170124054,2026-06-19_045144_sweep_csam6_dm15.0_dv9.0_F100_s42,experiments\2026-06-19_045144_sweep_csam6_dm15.0_dv9.0_F100_s42,csam6_dm15.0_dv9.0_F100_s42,6,42,1.0,"{'regular': 'experiments\\2026-06-19_045144_sweep_csam6_dm15.0_dv9.0_F100_s42\\visualizations\\flows_regular.csv', 'qq': 'experiments\\2026-06-19_045144_sweep_csam6_dm15.0_dv9.0_F100_s42\\visualizations\\flows_qq.csv'}","{'markdown': 'experiments\\2026-06-19_045144_sweep_csam6_dm15.0_dv9.0_F100_s42\\reports\\run_report.md', 'pdf': 'experiments\\2026-06-19_045144_sweep_csam6_dm15.0_dv9.0_F100_s42\\reports\\run_report.pdf'}"
csam6_dm15.0_dv9.0_F100_s456,feasible,True,6,15.0,9.0,100,456,122540.7497016001,122140.74972540005,400.0,4.0,"m1,m2,m3,m10",2.0,18004.394264851686,0.0,0.0,0.0,0.0,20,162.26059484481812,2026-06-19_045424_sweep_csam6_dm15.0_dv9.0_F100_s456,experiments\2026-06-19_045424_sweep_csam6_dm15.0_dv9.0_F100_s456,csam6_dm15.0_dv9.0_F100_s456,6,456,1.0,"{'regular': 'experiments\\2026-06-19_045424_sweep_csam6_dm15.0_dv9.0_F100_s456\\visualizations\\flows_regular.csv', 'qq': 'experiments\\2026-06-19_045424_sweep_csam6_dm15.0_dv9.0_F100_s456\\visualizations\\flows_qq.csv'}","{'markdown': 'experiments\\2026-06-19_045424_sweep_csam6_dm15.0_dv9.0_F100_s456\\reports\\run_report.md', 'pdf': 'experiments\\2026-06-19_045424_sweep_csam6_dm15.0_dv9.0_F100_s456\\reports\\run_report.pdf'}"
csam6_dm18.0_dv16.0_F100_s123,feasible,True,6,18.0,16.0,100,123,160965.91710395002,160445.60337110015,600.0,6.0,"m1,m2,m3,m4,m5,m10",0.0,21453.545296341905,0.0,0.0,0.0,0.0,20,158.95564436912537,2026-06-19_052920_sweep_csam6_dm18.0_dv16.0_F100_s123,experiments\2026-06-19_052920_sweep_csam6_dm18.0_dv16.0_F100_s123,csam6_dm18.0_dv16.0_F100_s123,6,123,1.0,"{'regular': 'experiments\\2026-06-19_052920_sweep_csam6_dm18.0_dv16.0_F100_s123\\visualizations\\flows_regular.csv', 'qq': 'experiments\\2026-06-19_052920_sweep_csam6_dm18.0_dv16.0_F100_s123\\visualizations\\flows_qq.csv'}","{'markdown': 'experiments\\2026-06-19_052920_sweep_csam6_dm18.0_dv16.0_F100_s123\\reports\\run_report.md', 'pdf': 'experiments\\2026-06-19_052920_sweep_csam6_dm18.0_dv16.0_F100_s123\\reports\\run_report.pdf'}"
csam6_dm18.0_dv16.0_F100_s42,feasible,True,6,18.0,16.0,100,42,168180.70504499972,167580.7051549997,600.0,6.0,"m1,m2,m3,m4,m5,m10",0.0,21784.234636085246,0.0,0.0,0.0,0.0,20,158.5462064743042,2026-06-19_052401_sweep_csam6_dm18.0_dv16.0_F100_s42,experiments\2026-06-19_052401_sweep_csam6_dm18.0_dv16.0_F100_s42,csam6_dm18.0_dv16.0_F100_s42,6,42,1.0,"{'regular': 'experiments\\2026-06-19_052401_sweep_csam6_dm18.0_dv16.0_F100_s42\\visualizations\\flows_regular.csv', 'qq': 'experiments\\2026-06-19_052401_sweep_csam6_dm18.0_dv16.0_F100_s42\\visualizations\\flows_qq.csv'}","{'markdown': 'experiments\\2026-06-19_052401_sweep_csam6_dm18.0_dv16.0_F100_s42\\reports\\run_report.md', 'pdf': 'experiments\\2026-06-19_052401_sweep_csam6_dm18.0_dv16.0_F100_s42\\reports\\run_report.pdf'}"
csam6_dm18.0_dv16.0_F100_s456,feasible,True,6,18.0,16.0,100,456,163454.33290689968,162854.3329319996,600.0,6.0,"m1,m2,m3,m4,m5,m10",0.0,21605.85901980225,0.0,0.0,0.0,0.0,20,160.26449012756348,2026-06-19_052639_sweep_csam6_dm18.0_dv16.0_F100_s456,experiments\2026-06-19_052639_sweep_csam6_dm18.0_dv16.0_F100_s456,csam6_dm18.0_dv16.0_F100_s456,6,456,1.0,"{'regular': 'experiments\\2026-06-19_052639_sweep_csam6_dm18.0_dv16.0_F100_s456\\visualizations\\flows_regular.csv', 'qq': 'experiments\\2026-06-19_052639_sweep_csam6_dm18.0_dv16.0_F100_s456\\visualizations\\flows_qq.csv'}","{'markdown': 'experiments\\2026-06-19_052639_sweep_csam6_dm18.0_dv16.0_F100_s456\\reports\\run_report.md', 'pdf': 'experiments\\2026-06-19_052639_sweep_csam6_dm18.0_dv16.0_F100_s456\\reports\\run_report.pdf'}"
csam6_dm18.0_dv4.0_F100_s123,feasible,True,6,18.0,4.0,100,123,163232.95858419998,162722.80158279993,600.0,6.0,"m1,m2,m3,m4,m5,m10",0.0,21526.772648170954,0.0,0.0,0.0,0.0,20,162.55106806755066,2026-06-19_051254_sweep_csam6_dm18.0_dv4.0_F100_s123,experiments\2026-06-19_051254_sweep_csam6_dm18.0_dv4.0_F100_s123,csam6_dm18.0_dv4.0_F100_s123,6,123,1.0,"{'regular': 'experiments\\2026-06-19_051254_sweep_csam6_dm18.0_dv4.0_F100_s123\\visualizations\\flows_regular.csv', 'qq': 'experiments\\2026-06-19_051254_sweep_csam6_dm18.0_dv4.0_F100_s123\\visualizations\\flows_qq.csv'}","{'markdown': 'experiments\\2026-06-19_051254_sweep_csam6_dm18.0_dv4.0_F100_s123\\reports\\run_report.md', 'pdf': 'experiments\\2026-06-19_051254_sweep_csam6_dm18.0_dv4.0_F100_s123\\reports\\run_report.pdf'}"
csam6_dm18.0_dv4.0_F100_s42,feasible,True,6,18.0,4.0,100,42,166890.35248059995,166290.35286699978,600.0,6.0,"m1,m2,m3,m4,m5,m10",0.0,21692.117318042623,0.0,0.0,0.0,0.0,20,159.93132972717285,2026-06-19_050737_sweep_csam6_dm18.0_dv4.0_F100_s42,experiments\2026-06-19_050737_sweep_csam6_dm18.0_dv4.0_F100_s42,csam6_dm18.0_dv4.0_F100_s42,6,42,1.0,"{'regular': 'experiments\\2026-06-19_050737_sweep_csam6_dm18.0_dv4.0_F100_s42\\visualizations\\flows_regular.csv', 'qq': 'experiments\\2026-06-19_050737_sweep_csam6_dm18.0_dv4.0_F100_s42\\visualizations\\flows_qq.csv'}","{'markdown': 'experiments\\2026-06-19_050737_sweep_csam6_dm18.0_dv4.0_F100_s42\\reports\\run_report.md', 'pdf': 'experiments\\2026-06-19_050737_sweep_csam6_dm18.0_dv4.0_F100_s42\\reports\\run_report.pdf'}"
csam6_dm18.0_dv4.0_F100_s456,feasible,True,6,18.0,4.0,100,456,164527.16643439975,163927.16643439975,600.0,6.0,"m1,m2,m3,m4,m5,m10",0.0,21602.929509901125,0.0,0.0,0.0,0.0,20,157.16076254844666,2026-06-19_051017_sweep_csam6_dm18.0_dv4.0_F100_s456,experiments\2026-06-19_051017_sweep_csam6_dm18.0_dv4.0_F100_s456,csam6_dm18.0_dv4.0_F100_s456,6,456,1.0,"{'regular': 'experiments\\2026-06-19_051017_sweep_csam6_dm18.0_dv4.0_F100_s456\\visualizations\\flows_regular.csv', 'qq': 'experiments\\2026-06-19_051017_sweep_csam6_dm18.0_dv4.0_F100_s456\\visualizations\\flows_qq.csv'}","{'markdown': 'experiments\\2026-06-19_051017_sweep_csam6_dm18.0_dv4.0_F100_s456\\reports\\run_report.md', 'pdf': 'experiments\\2026-06-19_051017_sweep_csam6_dm18.0_dv4.0_F100_s456\\reports\\run_report.pdf'}"
csam6_dm18.0_dv9.0_F100_s123,feasible,True,6,18.0,9.0,100,123,162099.43786748897,161584.20252639998,600.0,6.0,"m1,m2,m3,m4,m5,m10",0.0,21490.15897225643,0.0,0.0,0.0,0.0,20,159.9509801864624,2026-06-19_052121_sweep_csam6_dm18.0_dv9.0_F100_s123,experiments\2026-06-19_052121_sweep_csam6_dm18.0_dv9.0_F100_s123,csam6_dm18.0_dv9.0_F100_s123,6,123,1.0,"{'regular': 'experiments\\2026-06-19_052121_sweep_csam6_dm18.0_dv9.0_F100_s123\\visualizations\\flows_regular.csv', 'qq': 'experiments\\2026-06-19_052121_sweep_csam6_dm18.0_dv9.0_F100_s123\\visualizations\\flows_qq.csv'}","{'markdown': 'experiments\\2026-06-19_052121_sweep_csam6_dm18.0_dv9.0_F100_s123\\reports\\run_report.md', 'pdf': 'experiments\\2026-06-19_052121_sweep_csam6_dm18.0_dv9.0_F100_s123\\reports\\run_report.pdf'}"
csam6_dm18.0_dv9.0_F100_s42,feasible,True,6,18.0,9.0,100,42,167535.5288436997,166935.52896221998,600.0,6.0,"m1,m2,m3,m4,m5,m10",0.0,21738.175977063936,0.0,0.0,0.0,0.0,20,185.52948641777039,2026-06-19_051537_sweep_csam6_dm18.0_dv9.0_F100_s42,experiments\2026-06-19_051537_sweep_csam6_dm18.0_dv9.0_F100_s42,csam6_dm18.0_dv9.0_F100_s42,6,42,1.0,"{'regular': 'experiments\\2026-06-19_051537_sweep_csam6_dm18.0_dv9.0_F100_s42\\visualizations\\flows_regular.csv', 'qq': 'experiments\\2026-06-19_051537_sweep_csam6_dm18.0_dv9.0_F100_s42\\visualizations\\flows_qq.csv'}","{'markdown': 'experiments\\2026-06-19_051537_sweep_csam6_dm18.0_dv9.0_F100_s42\\reports\\run_report.md', 'pdf': 'experiments\\2026-06-19_051537_sweep_csam6_dm18.0_dv9.0_F100_s42\\reports\\run_report.pdf'}"
csam6_dm18.0_dv9.0_F100_s456,feasible,True,6,18.0,9.0,100,456,163990.74967579986,163390.74967579986,600.0,6.0,"m1,m2,m3,m4,m5,m10",0.0,21604.394264851686,0.0,0.0,0.0,0.0,20,158.26346731185913,2026-06-19_051843_sweep_csam6_dm18.0_dv9.0_F100_s456,experiments\2026-06-19_051843_sweep_csam6_dm18.0_dv9.0_F100_s456,csam6_dm18.0_dv9.0_F100_s456,6,456,1.0,"{'regular': 'experiments\\2026-06-19_051843_sweep_csam6_dm18.0_dv9.0_F100_s456\\visualizations\\flows_regular.csv', 'qq': 'experiments\\2026-06-19_051843_sweep_csam6_dm18.0_dv9.0_F100_s456\\visualizations\\flows_qq.csv'}","{'markdown': 'experiments\\2026-06-19_051843_sweep_csam6_dm18.0_dv9.0_F100_s456\\reports\\run_report.md', 'pdf': 'experiments\\2026-06-19_051843_sweep_csam6_dm18.0_dv9.0_F100_s456\\reports\\run_report.pdf'}"
csam7_dm12.0_dv16.0_F100_s123,feasible,True,7,12.0,16.0,100,123,78201.19099170003,78001.19099170003,200.0,2.0,"m1,m2",5.0,14255.137737688196,0.0,0.0,0.0,0.0,20,160.12810945510864,2026-06-19_055318_sweep_csam7_dm12.0_dv16.0_F100_s123,experiments\2026-06-19_055318_sweep_csam7_dm12.0_dv16.0_F100_s123,csam7_dm12.0_dv16.0_F100_s123,7,123,1.0,"{'regular': 'experiments\\2026-06-19_055318_sweep_csam7_dm12.0_dv16.0_F100_s123\\visualizations\\flows_regular.csv', 'qq': 'experiments\\2026-06-19_055318_sweep_csam7_dm12.0_dv16.0_F100_s123\\visualizations\\flows_qq.csv'}","{'markdown': 'experiments\\2026-06-19_055318_sweep_csam7_dm12.0_dv16.0_F100_s123\\reports\\run_report.md', 'pdf': 'experiments\\2026-06-19_055318_sweep_csam7_dm12.0_dv16.0_F100_s123\\reports\\run_report.pdf'}"
csam7_dm12.0_dv16.0_F100_s42,feasible,True,7,12.0,16.0,100,42,85301.36673787018,85101.36673787018,200.0,2.0,"m1,m10",5.0,14585.199705445524,0.0,0.0,0.0,0.0,20,161.61377143859863,2026-06-19_054757_sweep_csam7_dm12.0_dv16.0_F100_s42,experiments\2026-06-19_054757_sweep_csam7_dm12.0_dv16.0_F100_s42,csam7_dm12.0_dv16.0_F100_s42,7,42,1.0,"{'regular': 'experiments\\2026-06-19_054757_sweep_csam7_dm12.0_dv16.0_F100_s42\\visualizations\\flows_regular.csv', 'qq': 'experiments\\2026-06-19_054757_sweep_csam7_dm12.0_dv16.0_F100_s42\\visualizations\\flows_qq.csv'}","{'markdown': 'experiments\\2026-06-19_054757_sweep_csam7_dm12.0_dv16.0_F100_s42\\reports\\run_report.md', 'pdf': 'experiments\\2026-06-19_054757_sweep_csam7_dm12.0_dv16.0_F100_s42\\reports\\run_report.pdf'}"
csam7_dm12.0_dv16.0_F100_s456,feasible,True,7,12.0,16.0,100,456,80572.85519202014,80372.85519202014,200.0,2.0,"m1,m10",5.0,14405.859019802248,0.0,0.0,0.0,0.0,20,159.49139618873596,2026-06-19_055039_sweep_csam7_dm12.0_dv16.0_F100_s456,experiments\2026-06-19_055039_sweep_csam7_dm12.0_dv16.0_F100_s456,csam7_dm12.0_dv16.0_F100_s456,7,456,1.0,"{'regular': 'experiments\\2026-06-19_055039_sweep_csam7_dm12.0_dv16.0_F100_s456\\visualizations\\flows_regular.csv', 'qq': 'experiments\\2026-06-19_055039_sweep_csam7_dm12.0_dv16.0_F100_s456\\visualizations\\flows_qq.csv'}","{'markdown': 'experiments\\2026-06-19_055039_sweep_csam7_dm12.0_dv16.0_F100_s456\\reports\\run_report.md', 'pdf': 'experiments\\2026-06-19_055039_sweep_csam7_dm12.0_dv16.0_F100_s456\\reports\\run_report.pdf'}"
csam7_dm12.0_dv4.0_F100_s123,feasible,True,7,12.0,4.0,100,123,80422.8586729549,80222.8586729549,200.0,2.0,"m1,m10",5.0,14326.772648170952,0.0,0.0,0.0,0.0,20,158.01896023750305,2026-06-19_053718_sweep_csam7_dm12.0_dv4.0_F100_s123,experiments\2026-06-19_053718_sweep_csam7_dm12.0_dv4.0_F100_s123,csam7_dm12.0_dv4.0_F100_s123,7,123,1.0,"{'regular': 'experiments\\2026-06-19_053718_sweep_csam7_dm12.0_dv4.0_F100_s123\\visualizations\\flows_regular.csv', 'qq': 'experiments\\2026-06-19_053718_sweep_csam7_dm12.0_dv4.0_F100_s123\\visualizations\\flows_qq.csv'}","{'markdown': 'experiments\\2026-06-19_053718_sweep_csam7_dm12.0_dv4.0_F100_s123\\reports\\run_report.md', 'pdf': 'experiments\\2026-06-19_053718_sweep_csam7_dm12.0_dv4.0_F100_s123\\reports\\run_report.pdf'}"
csam7_dm12.0_dv4.0_F100_s42,feasible,True,7,12.0,4.0,100,42,83990.35270049996,83790.35270049996,200.0,2.0,"m1,m10",5.0,14492.117318042623,0.0,0.0,0.0,0.0,20,157.71081638336182,2026-06-19_053159_sweep_csam7_dm12.0_dv4.0_F100_s42,experiments\2026-06-19_053159_sweep_csam7_dm12.0_dv4.0_F100_s42,csam7_dm12.0_dv4.0_F100_s42,7,42,1.0,"{'regular': 'experiments\\2026-06-19_053159_sweep_csam7_dm12.0_dv4.0_F100_s42\\visualizations\\flows_regular.csv', 'qq': 'experiments\\2026-06-19_053159_sweep_csam7_dm12.0_dv4.0_F100_s42\\visualizations\\flows_qq.csv'}","{'markdown': 'experiments\\2026-06-19_053159_sweep_csam7_dm12.0_dv4.0_F100_s42\\reports\\run_report.md', 'pdf': 'experiments\\2026-06-19_053159_sweep_csam7_dm12.0_dv4.0_F100_s42\\reports\\run_report.pdf'}"
csam7_dm12.0_dv4.0_F100_s456,feasible,True,7,12.0,4.0,100,456,81627.16649739999,81427.16649739999,200.0,2.0,"m1,m10",5.0,14402.929509901125,0.0,0.0,0.0,0.0,20,161.5437195301056,2026-06-19_053437_sweep_csam7_dm12.0_dv4.0_F100_s456,experiments\2026-06-19_053437_sweep_csam7_dm12.0_dv4.0_F100_s456,csam7_dm12.0_dv4.0_F100_s456,7,456,1.0,"{'regular': 'experiments\\2026-06-19_053437_sweep_csam7_dm12.0_dv4.0_F100_s456\\visualizations\\flows_regular.csv', 'qq': 'experiments\\2026-06-19_053437_sweep_csam7_dm12.0_dv4.0_F100_s456\\visualizations\\flows_qq.csv'}","{'markdown': 'experiments\\2026-06-19_053437_sweep_csam7_dm12.0_dv4.0_F100_s456\\reports\\run_report.md', 'pdf': 'experiments\\2026-06-19_053437_sweep_csam7_dm12.0_dv4.0_F100_s456\\reports\\run_report.pdf'}"
csam7_dm12.0_dv9.0_F100_s123,feasible,True,7,12.0,9.0,100,123,79296.41559145013,79096.41559145013,200.0,2.0,"m1,m2",5.0,14290.15897225643,0.0,0.0,0.0,0.0,20,161.02059173583984,2026-06-19_054516_sweep_csam7_dm12.0_dv9.0_F100_s123,experiments\2026-06-19_054516_sweep_csam7_dm12.0_dv9.0_F100_s123,csam7_dm12.0_dv9.0_F100_s123,7,123,1.0,"{'regular': 'experiments\\2026-06-19_054516_sweep_csam7_dm12.0_dv9.0_F100_s123\\visualizations\\flows_regular.csv', 'qq': 'experiments\\2026-06-19_054516_sweep_csam7_dm12.0_dv9.0_F100_s123\\visualizations\\flows_qq.csv'}","{'markdown': 'experiments\\2026-06-19_054516_sweep_csam7_dm12.0_dv9.0_F100_s123\\reports\\run_report.md', 'pdf': 'experiments\\2026-06-19_054516_sweep_csam7_dm12.0_dv9.0_F100_s123\\reports\\run_report.pdf'}"
csam7_dm12.0_dv9.0_F100_s42,feasible,True,7,12.0,9.0,100,42,84635.52893490001,84435.52893490001,200.0,2.0,"m1,m10",5.0,14538.175977063936,0.0,0.0,0.0,0.0,20,161.37037539482117,2026-06-19_053956_sweep_csam7_dm12.0_dv9.0_F100_s42,experiments\2026-06-19_053956_sweep_csam7_dm12.0_dv9.0_F100_s42,csam7_dm12.0_dv9.0_F100_s42,7,42,1.0,"{'regular': 'experiments\\2026-06-19_053956_sweep_csam7_dm12.0_dv9.0_F100_s42\\visualizations\\flows_regular.csv', 'qq': 'experiments\\2026-06-19_053956_sweep_csam7_dm12.0_dv9.0_F100_s42\\visualizations\\flows_qq.csv'}","{'markdown': 'experiments\\2026-06-19_053956_sweep_csam7_dm12.0_dv9.0_F100_s42\\reports\\run_report.md', 'pdf': 'experiments\\2026-06-19_053956_sweep_csam7_dm12.0_dv9.0_F100_s42\\reports\\run_report.pdf'}"
csam7_dm12.0_dv9.0_F100_s456,feasible,True,7,12.0,9.0,100,456,81096.13055125001,80896.13055125001,200.0,2.0,"m1,m10",5.0,14404.394264851688,0.0,0.0,0.0,0.0,20,158.208881855011,2026-06-19_054238_sweep_csam7_dm12.0_dv9.0_F100_s456,experiments\2026-06-19_054238_sweep_csam7_dm12.0_dv9.0_F100_s456,csam7_dm12.0_dv9.0_F100_s456,7,456,1.0,"{'regular': 'experiments\\2026-06-19_054238_sweep_csam7_dm12.0_dv9.0_F100_s456\\visualizations\\flows_regular.csv', 'qq': 'experiments\\2026-06-19_054238_sweep_csam7_dm12.0_dv9.0_F100_s456\\visualizations\\flows_qq.csv'}","{'markdown': 'experiments\\2026-06-19_054238_sweep_csam7_dm12.0_dv9.0_F100_s456\\reports\\run_report.md', 'pdf': 'experiments\\2026-06-19_054238_sweep_csam7_dm12.0_dv9.0_F100_s456\\reports\\run_report.pdf'}"
csam7_dm15.0_dv16.0_F100_s123,feasible,True,7,15.0,16.0,100,123,119595.6033207999,119195.6033207999,400.0,4.0,"m1,m2,m3,m10",3.0,17853.545296341905,0.0,0.0,0.0,0.0,20,220.48969531059265,2026-06-19_061716_sweep_csam7_dm15.0_dv16.0_F100_s123,experiments\2026-06-19_061716_sweep_csam7_dm15.0_dv16.0_F100_s123,csam7_dm15.0_dv16.0_F100_s123,7,123,1.0,"{'regular': 'experiments\\2026-06-19_061716_sweep_csam7_dm15.0_dv16.0_F100_s123\\visualizations\\flows_regular.csv', 'qq': 'experiments\\2026-06-19_061716_sweep_csam7_dm15.0_dv16.0_F100_s123\\visualizations\\flows_qq.csv'}","{'markdown': 'experiments\\2026-06-19_061716_sweep_csam7_dm15.0_dv16.0_F100_s123\\reports\\run_report.md', 'pdf': 'experiments\\2026-06-19_061716_sweep_csam7_dm15.0_dv16.0_F100_s123\\reports\\run_report.pdf'}"
csam7_dm15.0_dv16.0_F100_s42,feasible,True,7,15.0,16.0,100,42,126730.7051408,126330.7051408,400.0,4.0,"m1,m2,m3,m10",3.0,18184.234636085246,0.0,0.0,0.0,0.0,20,158.38087368011475,2026-06-19_061158_sweep_csam7_dm15.0_dv16.0_F100_s42,experiments\2026-06-19_061158_sweep_csam7_dm15.0_dv16.0_F100_s42,csam7_dm15.0_dv16.0_F100_s42,7,42,1.0,"{'regular': 'experiments\\2026-06-19_061158_sweep_csam7_dm15.0_dv16.0_F100_s42\\visualizations\\flows_regular.csv', 'qq': 'experiments\\2026-06-19_061158_sweep_csam7_dm15.0_dv16.0_F100_s42\\visualizations\\flows_qq.csv'}","{'markdown': 'experiments\\2026-06-19_061158_sweep_csam7_dm15.0_dv16.0_F100_s42\\reports\\run_report.md', 'pdf': 'experiments\\2026-06-19_061158_sweep_csam7_dm15.0_dv16.0_F100_s42\\reports\\run_report.pdf'}"
csam7_dm15.0_dv16.0_F100_s456,feasible,True,7,15.0,16.0,100,456,122004.33291490003,121604.33291490003,400.0,4.0,"m1,m2,m3,m10",3.0,18005.85901980225,0.0,0.0,0.0,0.0,20,160.1685802936554,2026-06-19_061436_sweep_csam7_dm15.0_dv16.0_F100_s456,experiments\2026-06-19_061436_sweep_csam7_dm15.0_dv16.0_F100_s456,csam7_dm15.0_dv16.0_F100_s456,7,456,1.0,"{'regular': 'experiments\\2026-06-19_061436_sweep_csam7_dm15.0_dv16.0_F100_s456\\visualizations\\flows_regular.csv', 'qq': 'experiments\\2026-06-19_061436_sweep_csam7_dm15.0_dv16.0_F100_s456\\visualizations\\flows_qq.csv'}","{'markdown': 'experiments\\2026-06-19_061436_sweep_csam7_dm15.0_dv16.0_F100_s456\\reports\\run_report.md', 'pdf': 'experiments\\2026-06-19_061436_sweep_csam7_dm15.0_dv16.0_F100_s456\\reports\\run_report.pdf'}"
csam7_dm15.0_dv4.0_F100_s123,feasible,True,7,15.0,4.0,100,123,121872.8016425999,121472.8016425999,400.0,4.0,"m1,m2,m3,m10",3.0,17926.772648170954,0.0,0.0,0.0,0.0,20,160.1955680847168,2026-06-19_060116_sweep_csam7_dm15.0_dv4.0_F100_s123,experiments\2026-06-19_060116_sweep_csam7_dm15.0_dv4.0_F100_s123,csam7_dm15.0_dv4.0_F100_s123,7,123,1.0,"{'regular': 'experiments\\2026-06-19_060116_sweep_csam7_dm15.0_dv4.0_F100_s123\\visualizations\\flows_regular.csv', 'qq': 'experiments\\2026-06-19_060116_sweep_csam7_dm15.0_dv4.0_F100_s123\\visualizations\\flows_qq.csv'}","{'markdown': 'experiments\\2026-06-19_060116_sweep_csam7_dm15.0_dv4.0_F100_s123\\reports\\run_report.md', 'pdf': 'experiments\\2026-06-19_060116_sweep_csam7_dm15.0_dv4.0_F100_s123\\reports\\run_report.pdf'}"
csam7_dm15.0_dv4.0_F100_s42,feasible,True,7,15.0,4.0,100,42,125440.35275649995,125040.35275649995,400.0,4.0,"m1,m2,m3,m10",3.0,18092.117318042623,0.0,0.0,0.0,0.0,20,160.7064049243927,2026-06-19_055559_sweep_csam7_dm15.0_dv4.0_F100_s42,experiments\2026-06-19_055559_sweep_csam7_dm15.0_dv4.0_F100_s42,csam7_dm15.0_dv4.0_F100_s42,7,42,1.0,"{'regular': 'experiments\\2026-06-19_055559_sweep_csam7_dm15.0_dv4.0_F100_s42\\visualizations\\flows_regular.csv', 'qq': 'experiments\\2026-06-19_055559_sweep_csam7_dm15.0_dv4.0_F100_s42\\visualizations\\flows_qq.csv'}","{'markdown': 'experiments\\2026-06-19_055559_sweep_csam7_dm15.0_dv4.0_F100_s42\\reports\\run_report.md', 'pdf': 'experiments\\2026-06-19_055559_sweep_csam7_dm15.0_dv4.0_F100_s42\\reports\\run_report.pdf'}"
csam7_dm15.0_dv4.0_F100_s456,feasible,True,7,15.0,4.0,100,456,123077.16648069998,122677.16648069998,400.0,4.0,"m1,m2,m3,m10",3.0,18002.929509901125,0.0,0.0,0.0,0.0,20,156.94172644615173,2026-06-19_055839_sweep_csam7_dm15.0_dv4.0_F100_s456,experiments\2026-06-19_055839_sweep_csam7_dm15.0_dv4.0_F100_s456,csam7_dm15.0_dv4.0_F100_s456,7,456,1.0,"{'regular': 'experiments\\2026-06-19_055839_sweep_csam7_dm15.0_dv4.0_F100_s456\\visualizations\\flows_regular.csv', 'qq': 'experiments\\2026-06-19_055839_sweep_csam7_dm15.0_dv4.0_F100_s456\\visualizations\\flows_qq.csv'}","{'markdown': 'experiments\\2026-06-19_055839_sweep_csam7_dm15.0_dv4.0_F100_s456\\reports\\run_report.md', 'pdf': 'experiments\\2026-06-19_055839_sweep_csam7_dm15.0_dv4.0_F100_s456\\reports\\run_report.pdf'}"
csam7_dm15.0_dv9.0_F100_s123,feasible,True,7,15.0,9.0,100,123,120734.20257780007,120334.20257780007,400.0,4.0,"m1,m2,m3,m10",3.0,17890.15897225643,0.0,0.0,0.0,0.0,20,159.66427612304688,2026-06-19_060918_sweep_csam7_dm15.0_dv9.0_F100_s123,experiments\2026-06-19_060918_sweep_csam7_dm15.0_dv9.0_F100_s123,csam7_dm15.0_dv9.0_F100_s123,7,123,1.0,"{'regular': 'experiments\\2026-06-19_060918_sweep_csam7_dm15.0_dv9.0_F100_s123\\visualizations\\flows_regular.csv', 'qq': 'experiments\\2026-06-19_060918_sweep_csam7_dm15.0_dv9.0_F100_s123\\visualizations\\flows_qq.csv'}","{'markdown': 'experiments\\2026-06-19_060918_sweep_csam7_dm15.0_dv9.0_F100_s123\\reports\\run_report.md', 'pdf': 'experiments\\2026-06-19_060918_sweep_csam7_dm15.0_dv9.0_F100_s123\\reports\\run_report.pdf'}"
csam7_dm15.0_dv9.0_F100_s42,feasible,True,7,15.0,9.0,100,42,126085.52894419998,125685.52894419998,400.0,4.0,"m1,m2,m3,m10",3.0,18138.175977063936,0.0,0.0,0.0,0.0,20,160.66004514694214,2026-06-19_060357_sweep_csam7_dm15.0_dv9.0_F100_s42,experiments\2026-06-19_060357_sweep_csam7_dm15.0_dv9.0_F100_s42,csam7_dm15.0_dv9.0_F100_s42,7,42,1.0,"{'regular': 'experiments\\2026-06-19_060357_sweep_csam7_dm15.0_dv9.0_F100_s42\\visualizations\\flows_regular.csv', 'qq': 'experiments\\2026-06-19_060357_sweep_csam7_dm15.0_dv9.0_F100_s42\\visualizations\\flows_qq.csv'}","{'markdown': 'experiments\\2026-06-19_060357_sweep_csam7_dm15.0_dv9.0_F100_s42\\reports\\run_report.md', 'pdf': 'experiments\\2026-06-19_060357_sweep_csam7_dm15.0_dv9.0_F100_s42\\reports\\run_report.pdf'}"
csam7_dm15.0_dv9.0_F100_s456,feasible,True,7,15.0,9.0,100,456,122540.74972540005,122140.74972540005,400.0,4.0,"m1,m2,m3,m10",3.0,18004.394264851686,0.0,0.0,0.0,0.0,20,160.34639048576355,2026-06-19_060637_sweep_csam7_dm15.0_dv9.0_F100_s456,experiments\2026-06-19_060637_sweep_csam7_dm15.0_dv9.0_F100_s456,csam7_dm15.0_dv9.0_F100_s456,7,456,1.0,"{'regular': 'experiments\\2026-06-19_060637_sweep_csam7_dm15.0_dv9.0_F100_s456\\visualizations\\flows_regular.csv', 'qq': 'experiments\\2026-06-19_060637_sweep_csam7_dm15.0_dv9.0_F100_s456\\visualizations\\flows_qq.csv'}","{'markdown': 'experiments\\2026-06-19_060637_sweep_csam7_dm15.0_dv9.0_F100_s456\\reports\\run_report.md', 'pdf': 'experiments\\2026-06-19_060637_sweep_csam7_dm15.0_dv9.0_F100_s456\\reports\\run_report.pdf'}"
csam7_dm18.0_dv16.0_F100_s123,feasible,True,7,18.0,16.0,100,123,160965.91710395002,160445.60337110015,600.0,6.0,"m1,m2,m3,m4,m5,m10",1.0,21453.545296341905,0.0,0.0,0.0,0.0,20,233.440358877182,2026-06-19_065202_sweep_csam7_dm18.0_dv16.0_F100_s123,experiments\2026-06-19_065202_sweep_csam7_dm18.0_dv16.0_F100_s123,csam7_dm18.0_dv16.0_F100_s123,7,123,1.0,"{'regular': 'experiments\\2026-06-19_065202_sweep_csam7_dm18.0_dv16.0_F100_s123\\visualizations\\flows_regular.csv', 'qq': 'experiments\\2026-06-19_065202_sweep_csam7_dm18.0_dv16.0_F100_s123\\visualizations\\flows_qq.csv'}","{'markdown': 'experiments\\2026-06-19_065202_sweep_csam7_dm18.0_dv16.0_F100_s123\\reports\\run_report.md', 'pdf': 'experiments\\2026-06-19_065202_sweep_csam7_dm18.0_dv16.0_F100_s123\\reports\\run_report.pdf'}"
csam7_dm18.0_dv16.0_F100_s42,feasible,True,7,18.0,16.0,100,42,168180.70509979976,167580.7051549997,600.0,6.0,"m1,m2,m3,m4,m5,m10",1.0,21784.234636085246,0.0,0.0,0.0,0.0,20,226.96186208724976,2026-06-19_064427_sweep_csam7_dm18.0_dv16.0_F100_s42,experiments\2026-06-19_064427_sweep_csam7_dm18.0_dv16.0_F100_s42,csam7_dm18.0_dv16.0_F100_s42,7,42,1.0,"{'regular': 'experiments\\2026-06-19_064427_sweep_csam7_dm18.0_dv16.0_F100_s42\\visualizations\\flows_regular.csv', 'qq': 'experiments\\2026-06-19_064427_sweep_csam7_dm18.0_dv16.0_F100_s42\\visualizations\\flows_qq.csv'}","{'markdown': 'experiments\\2026-06-19_064427_sweep_csam7_dm18.0_dv16.0_F100_s42\\reports\\run_report.md', 'pdf': 'experiments\\2026-06-19_064427_sweep_csam7_dm18.0_dv16.0_F100_s42\\reports\\run_report.pdf'}"
csam7_dm18.0_dv16.0_F100_s456,feasible,True,7,18.0,16.0,100,456,163454.3328489997,162854.3329319996,600.0,6.0,"m1,m2,m3,m4,m5,m10",1.0,21605.85901980225,0.0,0.0,0.0,0.0,20,228.0967161655426,2026-06-19_064814_sweep_csam7_dm18.0_dv16.0_F100_s456,experiments\2026-06-19_064814_sweep_csam7_dm18.0_dv16.0_F100_s456,csam7_dm18.0_dv16.0_F100_s456,7,456,1.0,"{'regular': 'experiments\\2026-06-19_064814_sweep_csam7_dm18.0_dv16.0_F100_s456\\visualizations\\flows_regular.csv', 'qq': 'experiments\\2026-06-19_064814_sweep_csam7_dm18.0_dv16.0_F100_s456\\visualizations\\flows_qq.csv'}","{'markdown': 'experiments\\2026-06-19_064814_sweep_csam7_dm18.0_dv16.0_F100_s456\\reports\\run_report.md', 'pdf': 'experiments\\2026-06-19_064814_sweep_csam7_dm18.0_dv16.0_F100_s456\\reports\\run_report.pdf'}"
csam7_dm18.0_dv4.0_F100_s123,feasible,True,7,18.0,4.0,100,123,163232.95854768995,162722.80158279993,600.0,6.0,"m1,m2,m3,m4,m5,m10",1.0,21526.772648170954,0.0,0.0,0.0,0.0,20,226.97271609306335,2026-06-19_062914_sweep_csam7_dm18.0_dv4.0_F100_s123,experiments\2026-06-19_062914_sweep_csam7_dm18.0_dv4.0_F100_s123,csam7_dm18.0_dv4.0_F100_s123,7,123,1.0,"{'regular': 'experiments\\2026-06-19_062914_sweep_csam7_dm18.0_dv4.0_F100_s123\\visualizations\\flows_regular.csv', 'qq': 'experiments\\2026-06-19_062914_sweep_csam7_dm18.0_dv4.0_F100_s123\\visualizations\\flows_qq.csv'}","{'markdown': 'experiments\\2026-06-19_062914_sweep_csam7_dm18.0_dv4.0_F100_s123\\reports\\run_report.md', 'pdf': 'experiments\\2026-06-19_062914_sweep_csam7_dm18.0_dv4.0_F100_s123\\reports\\run_report.pdf'}"
csam7_dm18.0_dv4.0_F100_s42,feasible,True,7,18.0,4.0,100,42,166890.35268819996,166290.35286699978,600.0,6.0,"m1,m2,m3,m4,m5,m10",1.0,21692.117318042623,0.0,0.0,0.0,0.0,20,265.0697944164276,2026-06-19_062057_sweep_csam7_dm18.0_dv4.0_F100_s42,experiments\2026-06-19_062057_sweep_csam7_dm18.0_dv4.0_F100_s42,csam7_dm18.0_dv4.0_F100_s42,7,42,1.0,"{'regular': 'experiments\\2026-06-19_062057_sweep_csam7_dm18.0_dv4.0_F100_s42\\visualizations\\flows_regular.csv', 'qq': 'experiments\\2026-06-19_062057_sweep_csam7_dm18.0_dv4.0_F100_s42\\visualizations\\flows_qq.csv'}","{'markdown': 'experiments\\2026-06-19_062057_sweep_csam7_dm18.0_dv4.0_F100_s42\\reports\\run_report.md', 'pdf': 'experiments\\2026-06-19_062057_sweep_csam7_dm18.0_dv4.0_F100_s42\\reports\\run_report.pdf'}"
csam7_dm18.0_dv4.0_F100_s456,feasible,True,7,18.0,4.0,100,456,164527.1664309997,163927.16643439975,600.0,6.0,"m1,m2,m3,m4,m5,m10",1.0,21602.929509901125,0.0,0.0,0.0,0.0,20,231.70918130874634,2026-06-19_062522_sweep_csam7_dm18.0_dv4.0_F100_s456,experiments\2026-06-19_062522_sweep_csam7_dm18.0_dv4.0_F100_s456,csam7_dm18.0_dv4.0_F100_s456,7,456,1.0,"{'regular': 'experiments\\2026-06-19_062522_sweep_csam7_dm18.0_dv4.0_F100_s456\\visualizations\\flows_regular.csv', 'qq': 'experiments\\2026-06-19_062522_sweep_csam7_dm18.0_dv4.0_F100_s456\\visualizations\\flows_qq.csv'}","{'markdown': 'experiments\\2026-06-19_062522_sweep_csam7_dm18.0_dv4.0_F100_s456\\reports\\run_report.md', 'pdf': 'experiments\\2026-06-19_062522_sweep_csam7_dm18.0_dv4.0_F100_s456\\reports\\run_report.pdf'}"
csam7_dm18.0_dv9.0_F100_s123,feasible,True,7,18.0,9.0,100,123,162099.43789996038,161584.20252639998,600.0,6.0,"m1,m2,m3,m4,m5,m10",1.0,21490.15897225643,0.0,0.0,0.0,0.0,20,226.32534003257751,2026-06-19_064041_sweep_csam7_dm18.0_dv9.0_F100_s123,experiments\2026-06-19_064041_sweep_csam7_dm18.0_dv9.0_F100_s123,csam7_dm18.0_dv9.0_F100_s123,7,123,1.0,"{'regular': 'experiments\\2026-06-19_064041_sweep_csam7_dm18.0_dv9.0_F100_s123\\visualizations\\flows_regular.csv', 'qq': 'experiments\\2026-06-19_064041_sweep_csam7_dm18.0_dv9.0_F100_s123\\visualizations\\flows_qq.csv'}","{'markdown': 'experiments\\2026-06-19_064041_sweep_csam7_dm18.0_dv9.0_F100_s123\\reports\\run_report.md', 'pdf': 'experiments\\2026-06-19_064041_sweep_csam7_dm18.0_dv9.0_F100_s123\\reports\\run_report.pdf'}"
csam7_dm18.0_dv9.0_F100_s42,feasible,True,7,18.0,9.0,100,42,167535.52888189987,166935.52896221998,600.0,6.0,"m1,m2,m3,m4,m5,m10",1.0,21738.175977063936,0.0,0.0,0.0,0.0,20,232.55960154533386,2026-06-19_063301_sweep_csam7_dm18.0_dv9.0_F100_s42,experiments\2026-06-19_063301_sweep_csam7_dm18.0_dv9.0_F100_s42,csam7_dm18.0_dv9.0_F100_s42,7,42,1.0,"{'regular': 'experiments\\2026-06-19_063301_sweep_csam7_dm18.0_dv9.0_F100_s42\\visualizations\\flows_regular.csv', 'qq': 'experiments\\2026-06-19_063301_sweep_csam7_dm18.0_dv9.0_F100_s42\\visualizations\\flows_qq.csv'}","{'markdown': 'experiments\\2026-06-19_063301_sweep_csam7_dm18.0_dv9.0_F100_s42\\reports\\run_report.md', 'pdf': 'experiments\\2026-06-19_063301_sweep_csam7_dm18.0_dv9.0_F100_s42\\reports\\run_report.pdf'}"
csam7_dm18.0_dv9.0_F100_s456,feasible,True,7,18.0,9.0,100,456,163990.74962839994,163390.74967579986,600.0,6.0,"m1,m2,m3,m4,m5,m10",1.0,21604.394264851686,0.0,0.0,0.0,0.0,20,226.95658946037292,2026-06-19_063654_sweep_csam7_dm18.0_dv9.0_F100_s456,experiments\2026-06-19_063654_sweep_csam7_dm18.0_dv9.0_F100_s456,csam7_dm18.0_dv9.0_F100_s456,7,456,1.0,"{'regular': 'experiments\\2026-06-19_063654_sweep_csam7_dm18.0_dv9.0_F100_s456\\visualizations\\flows_regular.csv', 'qq': 'experiments\\2026-06-19_063654_sweep_csam7_dm18.0_dv9.0_F100_s456\\visualizations\\flows_qq.csv'}","{'markdown': 'experiments\\2026-06-19_063654_sweep_csam7_dm18.0_dv9.0_F100_s456\\reports\\run_report.md', 'pdf': 'experiments\\2026-06-19_063654_sweep_csam7_dm18.0_dv9.0_F100_s456\\reports\\run_report.pdf'}"
csam8_dm12.0_dv16.0_F100_s123,feasible,True,8,12.0,16.0,100,123,78201.19099170003,78001.19099170003,200.0,2.0,"m1,m2",6.0,14255.137737688196,0.0,0.0,0.0,0.0,20,257.7940163612366,2026-06-19_072620_sweep_csam8_dm12.0_dv16.0_F100_s123,experiments\2026-06-19_072620_sweep_csam8_dm12.0_dv16.0_F100_s123,csam8_dm12.0_dv16.0_F100_s123,8,123,1.0,"{'regular': 'experiments\\2026-06-19_072620_sweep_csam8_dm12.0_dv16.0_F100_s123\\visualizations\\flows_regular.csv', 'qq': 'experiments\\2026-06-19_072620_sweep_csam8_dm12.0_dv16.0_F100_s123\\visualizations\\flows_qq.csv'}","{'markdown': 'experiments\\2026-06-19_072620_sweep_csam8_dm12.0_dv16.0_F100_s123\\reports\\run_report.md', 'pdf': 'experiments\\2026-06-19_072620_sweep_csam8_dm12.0_dv16.0_F100_s123\\reports\\run_report.pdf'}"
csam8_dm12.0_dv16.0_F100_s42,feasible,True,8,12.0,16.0,100,42,85301.36667587011,85101.36673787018,200.0,2.0,"m1,m10",6.0,14585.199705445524,0.0,0.0,0.0,0.0,20,227.75074315071106,2026-06-19_071849_sweep_csam8_dm12.0_dv16.0_F100_s42,experiments\2026-06-19_071849_sweep_csam8_dm12.0_dv16.0_F100_s42,csam8_dm12.0_dv16.0_F100_s42,8,42,1.0,"{'regular': 'experiments\\2026-06-19_071849_sweep_csam8_dm12.0_dv16.0_F100_s42\\visualizations\\flows_regular.csv', 'qq': 'experiments\\2026-06-19_071849_sweep_csam8_dm12.0_dv16.0_F100_s42\\visualizations\\flows_qq.csv'}","{'markdown': 'experiments\\2026-06-19_071849_sweep_csam8_dm12.0_dv16.0_F100_s42\\reports\\run_report.md', 'pdf': 'experiments\\2026-06-19_071849_sweep_csam8_dm12.0_dv16.0_F100_s42\\reports\\run_report.pdf'}"
csam8_dm12.0_dv16.0_F100_s456,feasible,True,8,12.0,16.0,100,456,80572.85519202014,80372.85519202014,200.0,2.0,"m1,m10",6.0,14405.859019802248,0.0,0.0,0.0,0.0,20,223.53527092933655,2026-06-19_072236_sweep_csam8_dm12.0_dv16.0_F100_s456,experiments\2026-06-19_072236_sweep_csam8_dm12.0_dv16.0_F100_s456,csam8_dm12.0_dv16.0_F100_s456,8,456,1.0,"{'regular': 'experiments\\2026-06-19_072236_sweep_csam8_dm12.0_dv16.0_F100_s456\\visualizations\\flows_regular.csv', 'qq': 'experiments\\2026-06-19_072236_sweep_csam8_dm12.0_dv16.0_F100_s456\\visualizations\\flows_qq.csv'}","{'markdown': 'experiments\\2026-06-19_072236_sweep_csam8_dm12.0_dv16.0_F100_s456\\reports\\run_report.md', 'pdf': 'experiments\\2026-06-19_072236_sweep_csam8_dm12.0_dv16.0_F100_s456\\reports\\run_report.pdf'}"
csam8_dm12.0_dv4.0_F100_s123,feasible,True,8,12.0,4.0,100,123,80422.8586729549,80222.8586729549,200.0,2.0,"m1,m10",6.0,14326.772648170952,0.0,0.0,0.0,0.0,20,225.30091762542725,2026-06-19_070329_sweep_csam8_dm12.0_dv4.0_F100_s123,experiments\2026-06-19_070329_sweep_csam8_dm12.0_dv4.0_F100_s123,csam8_dm12.0_dv4.0_F100_s123,8,123,1.0,"{'regular': 'experiments\\2026-06-19_070329_sweep_csam8_dm12.0_dv4.0_F100_s123\\visualizations\\flows_regular.csv', 'qq': 'experiments\\2026-06-19_070329_sweep_csam8_dm12.0_dv4.0_F100_s123\\visualizations\\flows_qq.csv'}","{'markdown': 'experiments\\2026-06-19_070329_sweep_csam8_dm12.0_dv4.0_F100_s123\\reports\\run_report.md', 'pdf': 'experiments\\2026-06-19_070329_sweep_csam8_dm12.0_dv4.0_F100_s123\\reports\\run_report.pdf'}"
csam8_dm12.0_dv4.0_F100_s42,feasible,True,8,12.0,4.0,100,42,83990.35270049996,83790.35270049996,200.0,2.0,"m1,m10",6.0,14492.117318042623,0.0,0.0,0.0,0.0,20,226.78130555152893,2026-06-19_065556_sweep_csam8_dm12.0_dv4.0_F100_s42,experiments\2026-06-19_065556_sweep_csam8_dm12.0_dv4.0_F100_s42,csam8_dm12.0_dv4.0_F100_s42,8,42,1.0,"{'regular': 'experiments\\2026-06-19_065556_sweep_csam8_dm12.0_dv4.0_F100_s42\\visualizations\\flows_regular.csv', 'qq': 'experiments\\2026-06-19_065556_sweep_csam8_dm12.0_dv4.0_F100_s42\\visualizations\\flows_qq.csv'}","{'markdown': 'experiments\\2026-06-19_065556_sweep_csam8_dm12.0_dv4.0_F100_s42\\reports\\run_report.md', 'pdf': 'experiments\\2026-06-19_065556_sweep_csam8_dm12.0_dv4.0_F100_s42\\reports\\run_report.pdf'}"
csam8_dm12.0_dv4.0_F100_s456,feasible,True,8,12.0,4.0,100,456,81627.16649739999,81427.16649739999,200.0,2.0,"m1,m10",6.0,14402.929509901125,0.0,0.0,0.0,0.0,20,226.0936861038208,2026-06-19_065943_sweep_csam8_dm12.0_dv4.0_F100_s456,experiments\2026-06-19_065943_sweep_csam8_dm12.0_dv4.0_F100_s456,csam8_dm12.0_dv4.0_F100_s456,8,456,1.0,"{'regular': 'experiments\\2026-06-19_065943_sweep_csam8_dm12.0_dv4.0_F100_s456\\visualizations\\flows_regular.csv', 'qq': 'experiments\\2026-06-19_065943_sweep_csam8_dm12.0_dv4.0_F100_s456\\visualizations\\flows_qq.csv'}","{'markdown': 'experiments\\2026-06-19_065943_sweep_csam8_dm12.0_dv4.0_F100_s456\\reports\\run_report.md', 'pdf': 'experiments\\2026-06-19_065943_sweep_csam8_dm12.0_dv4.0_F100_s456\\reports\\run_report.pdf'}"
csam8_dm12.0_dv9.0_F100_s123,feasible,True,8,12.0,9.0,100,123,79296.41559145013,79096.41559145013,200.0,2.0,"m1,m2",6.0,14290.15897225643,0.0,0.0,0.0,0.0,20,228.6505196094513,2026-06-19_071500_sweep_csam8_dm12.0_dv9.0_F100_s123,experiments\2026-06-19_071500_sweep_csam8_dm12.0_dv9.0_F100_s123,csam8_dm12.0_dv9.0_F100_s123,8,123,1.0,"{'regular': 'experiments\\2026-06-19_071500_sweep_csam8_dm12.0_dv9.0_F100_s123\\visualizations\\flows_regular.csv', 'qq': 'experiments\\2026-06-19_071500_sweep_csam8_dm12.0_dv9.0_F100_s123\\visualizations\\flows_qq.csv'}","{'markdown': 'experiments\\2026-06-19_071500_sweep_csam8_dm12.0_dv9.0_F100_s123\\reports\\run_report.md', 'pdf': 'experiments\\2026-06-19_071500_sweep_csam8_dm12.0_dv9.0_F100_s123\\reports\\run_report.pdf'}"
csam8_dm12.0_dv9.0_F100_s42,feasible,True,8,12.0,9.0,100,42,84635.52893490001,84435.52893490001,200.0,2.0,"m1,m10",6.0,14538.175977063936,0.0,0.0,0.0,0.0,20,227.8510160446167,2026-06-19_070714_sweep_csam8_dm12.0_dv9.0_F100_s42,experiments\2026-06-19_070714_sweep_csam8_dm12.0_dv9.0_F100_s42,csam8_dm12.0_dv9.0_F100_s42,8,42,1.0,"{'regular': 'experiments\\2026-06-19_070714_sweep_csam8_dm12.0_dv9.0_F100_s42\\visualizations\\flows_regular.csv', 'qq': 'experiments\\2026-06-19_070714_sweep_csam8_dm12.0_dv9.0_F100_s42\\visualizations\\flows_qq.csv'}","{'markdown': 'experiments\\2026-06-19_070714_sweep_csam8_dm12.0_dv9.0_F100_s42\\reports\\run_report.md', 'pdf': 'experiments\\2026-06-19_070714_sweep_csam8_dm12.0_dv9.0_F100_s42\\reports\\run_report.pdf'}"
csam8_dm12.0_dv9.0_F100_s456,feasible,True,8,12.0,9.0,100,456,81096.13055125001,80896.13055125001,200.0,2.0,"m1,m10",6.0,14404.394264851688,0.0,0.0,0.0,0.0,20,237.7757568359375,2026-06-19_071102_sweep_csam8_dm12.0_dv9.0_F100_s456,experiments\2026-06-19_071102_sweep_csam8_dm12.0_dv9.0_F100_s456,csam8_dm12.0_dv9.0_F100_s456,8,456,1.0,"{'regular': 'experiments\\2026-06-19_071102_sweep_csam8_dm12.0_dv9.0_F100_s456\\visualizations\\flows_regular.csv', 'qq': 'experiments\\2026-06-19_071102_sweep_csam8_dm12.0_dv9.0_F100_s456\\visualizations\\flows_qq.csv'}","{'markdown': 'experiments\\2026-06-19_071102_sweep_csam8_dm12.0_dv9.0_F100_s456\\reports\\run_report.md', 'pdf': 'experiments\\2026-06-19_071102_sweep_csam8_dm12.0_dv9.0_F100_s456\\reports\\run_report.pdf'}"
csam8_dm15.0_dv16.0_F100_s123,feasible,True,8,15.0,16.0,100,123,119549.05979829999,119195.6033207999,400.0,4.0,"m1,m2,m3,m10",4.0,17853.545296341905,0.0,0.0,0.0,0.0,20,217.261887550354,2026-06-19_080132_sweep_csam8_dm15.0_dv16.0_F100_s123,experiments\2026-06-19_080132_sweep_csam8_dm15.0_dv16.0_F100_s123,csam8_dm15.0_dv16.0_F100_s123,8,123,1.0,"{'regular': 'experiments\\2026-06-19_080132_sweep_csam8_dm15.0_dv16.0_F100_s123\\visualizations\\flows_regular.csv', 'qq': 'experiments\\2026-06-19_080132_sweep_csam8_dm15.0_dv16.0_F100_s123\\visualizations\\flows_qq.csv'}","{'markdown': 'experiments\\2026-06-19_080132_sweep_csam8_dm15.0_dv16.0_F100_s123\\reports\\run_report.md', 'pdf': 'experiments\\2026-06-19_080132_sweep_csam8_dm15.0_dv16.0_F100_s123\\reports\\run_report.pdf'}"
csam8_dm15.0_dv16.0_F100_s42,feasible,True,8,15.0,16.0,100,42,126730.7051408,126330.7051408,400.0,4.0,"m1,m2,m3,m10",4.0,18184.234636085246,0.0,0.0,0.0,0.0,20,236.29936933517456,2026-06-19_075357_sweep_csam8_dm15.0_dv16.0_F100_s42,experiments\2026-06-19_075357_sweep_csam8_dm15.0_dv16.0_F100_s42,csam8_dm15.0_dv16.0_F100_s42,8,42,1.0,"{'regular': 'experiments\\2026-06-19_075357_sweep_csam8_dm15.0_dv16.0_F100_s42\\visualizations\\flows_regular.csv', 'qq': 'experiments\\2026-06-19_075357_sweep_csam8_dm15.0_dv16.0_F100_s42\\visualizations\\flows_qq.csv'}","{'markdown': 'experiments\\2026-06-19_075357_sweep_csam8_dm15.0_dv16.0_F100_s42\\reports\\run_report.md', 'pdf': 'experiments\\2026-06-19_075357_sweep_csam8_dm15.0_dv16.0_F100_s42\\reports\\run_report.pdf'}"
csam8_dm15.0_dv16.0_F100_s456,feasible,True,8,15.0,16.0,100,456,122004.3328719,121604.33291490003,400.0,4.0,"m1,m2,m3,m10",4.0,18005.85901980225,0.0,0.0,0.0,0.0,20,218.95052075386047,2026-06-19_075753_sweep_csam8_dm15.0_dv16.0_F100_s456,experiments\2026-06-19_075753_sweep_csam8_dm15.0_dv16.0_F100_s456,csam8_dm15.0_dv16.0_F100_s456,8,456,1.0,"{'regular': 'experiments\\2026-06-19_075753_sweep_csam8_dm15.0_dv16.0_F100_s456\\visualizations\\flows_regular.csv', 'qq': 'experiments\\2026-06-19_075753_sweep_csam8_dm15.0_dv16.0_F100_s456\\visualizations\\flows_qq.csv'}","{'markdown': 'experiments\\2026-06-19_075753_sweep_csam8_dm15.0_dv16.0_F100_s456\\reports\\run_report.md', 'pdf': 'experiments\\2026-06-19_075753_sweep_csam8_dm15.0_dv16.0_F100_s456\\reports\\run_report.pdf'}"
csam8_dm15.0_dv4.0_F100_s123,feasible,True,8,15.0,4.0,100,123,121872.80153419999,121472.8016425999,400.0,4.0,"m1,m2,m3,m10",4.0,17926.772648170954,0.0,0.0,0.0,0.0,20,235.38934421539307,2026-06-19_073823_sweep_csam8_dm15.0_dv4.0_F100_s123,experiments\2026-06-19_073823_sweep_csam8_dm15.0_dv4.0_F100_s123,csam8_dm15.0_dv4.0_F100_s123,8,123,1.0,"{'regular': 'experiments\\2026-06-19_073823_sweep_csam8_dm15.0_dv4.0_F100_s123\\visualizations\\flows_regular.csv', 'qq': 'experiments\\2026-06-19_073823_sweep_csam8_dm15.0_dv4.0_F100_s123\\visualizations\\flows_qq.csv'}","{'markdown': 'experiments\\2026-06-19_073823_sweep_csam8_dm15.0_dv4.0_F100_s123\\reports\\run_report.md', 'pdf': 'experiments\\2026-06-19_073823_sweep_csam8_dm15.0_dv4.0_F100_s123\\reports\\run_report.pdf'}"
csam8_dm15.0_dv4.0_F100_s42,feasible,True,8,15.0,4.0,100,42,125440.35267949986,125040.35275649995,400.0,4.0,"m1,m2,m3,m10",4.0,18092.117318042623,0.0,0.0,0.0,0.0,20,233.8489122390747,2026-06-19_073038_sweep_csam8_dm15.0_dv4.0_F100_s42,experiments\2026-06-19_073038_sweep_csam8_dm15.0_dv4.0_F100_s42,csam8_dm15.0_dv4.0_F100_s42,8,42,1.0,"{'regular': 'experiments\\2026-06-19_073038_sweep_csam8_dm15.0_dv4.0_F100_s42\\visualizations\\flows_regular.csv', 'qq': 'experiments\\2026-06-19_073038_sweep_csam8_dm15.0_dv4.0_F100_s42\\visualizations\\flows_qq.csv'}","{'markdown': 'experiments\\2026-06-19_073038_sweep_csam8_dm15.0_dv4.0_F100_s42\\reports\\run_report.md', 'pdf': 'experiments\\2026-06-19_073038_sweep_csam8_dm15.0_dv4.0_F100_s42\\reports\\run_report.pdf'}"
csam8_dm15.0_dv4.0_F100_s456,feasible,True,8,15.0,4.0,100,456,123077.16635609996,122677.16648069998,400.0,4.0,"m1,m2,m3,m10",4.0,18002.929509901125,0.0,0.0,0.0,0.0,20,231.20468473434448,2026-06-19_073432_sweep_csam8_dm15.0_dv4.0_F100_s456,experiments\2026-06-19_073432_sweep_csam8_dm15.0_dv4.0_F100_s456,csam8_dm15.0_dv4.0_F100_s456,8,456,1.0,"{'regular': 'experiments\\2026-06-19_073432_sweep_csam8_dm15.0_dv4.0_F100_s456\\visualizations\\flows_regular.csv', 'qq': 'experiments\\2026-06-19_073432_sweep_csam8_dm15.0_dv4.0_F100_s456\\visualizations\\flows_qq.csv'}","{'markdown': 'experiments\\2026-06-19_073432_sweep_csam8_dm15.0_dv4.0_F100_s456\\reports\\run_report.md', 'pdf': 'experiments\\2026-06-19_073432_sweep_csam8_dm15.0_dv4.0_F100_s456\\reports\\run_report.pdf'}"
csam8_dm15.0_dv9.0_F100_s123,feasible,True,8,15.0,9.0,100,123,120734.20251700007,120334.20257780007,400.0,4.0,"m1,m2,m3,m10",4.0,17890.15897225643,0.0,0.0,0.0,0.0,20,231.79813313484192,2026-06-19_075005_sweep_csam8_dm15.0_dv9.0_F100_s123,experiments\2026-06-19_075005_sweep_csam8_dm15.0_dv9.0_F100_s123,csam8_dm15.0_dv9.0_F100_s123,8,123,1.0,"{'regular': 'experiments\\2026-06-19_075005_sweep_csam8_dm15.0_dv9.0_F100_s123\\visualizations\\flows_regular.csv', 'qq': 'experiments\\2026-06-19_075005_sweep_csam8_dm15.0_dv9.0_F100_s123\\visualizations\\flows_qq.csv'}","{'markdown': 'experiments\\2026-06-19_075005_sweep_csam8_dm15.0_dv9.0_F100_s123\\reports\\run_report.md', 'pdf': 'experiments\\2026-06-19_075005_sweep_csam8_dm15.0_dv9.0_F100_s123\\reports\\run_report.pdf'}"
csam8_dm15.0_dv9.0_F100_s42,feasible,True,8,15.0,9.0,100,42,126085.52886380002,125685.52894419998,400.0,4.0,"m1,m2,m3,m10",4.0,18138.175977063936,0.0,0.0,0.0,0.0,20,231.16072010993958,2026-06-19_074219_sweep_csam8_dm15.0_dv9.0_F100_s42,experiments\2026-06-19_074219_sweep_csam8_dm15.0_dv9.0_F100_s42,csam8_dm15.0_dv9.0_F100_s42,8,42,1.0,"{'regular': 'experiments\\2026-06-19_074219_sweep_csam8_dm15.0_dv9.0_F100_s42\\visualizations\\flows_regular.csv', 'qq': 'experiments\\2026-06-19_074219_sweep_csam8_dm15.0_dv9.0_F100_s42\\visualizations\\flows_qq.csv'}","{'markdown': 'experiments\\2026-06-19_074219_sweep_csam8_dm15.0_dv9.0_F100_s42\\reports\\run_report.md', 'pdf': 'experiments\\2026-06-19_074219_sweep_csam8_dm15.0_dv9.0_F100_s42\\reports\\run_report.pdf'}"
csam8_dm15.0_dv9.0_F100_s456,feasible,True,8,15.0,9.0,100,456,122540.74962380005,122140.74972540005,400.0,4.0,"m1,m2,m3,m10",4.0,18004.394264851686,0.0,0.0,0.0,0.0,20,234.91961765289307,2026-06-19_074610_sweep_csam8_dm15.0_dv9.0_F100_s456,experiments\2026-06-19_074610_sweep_csam8_dm15.0_dv9.0_F100_s456,csam8_dm15.0_dv9.0_F100_s456,8,456,1.0,"{'regular': 'experiments\\2026-06-19_074610_sweep_csam8_dm15.0_dv9.0_F100_s456\\visualizations\\flows_regular.csv', 'qq': 'experiments\\2026-06-19_074610_sweep_csam8_dm15.0_dv9.0_F100_s456\\visualizations\\flows_qq.csv'}","{'markdown': 'experiments\\2026-06-19_074610_sweep_csam8_dm15.0_dv9.0_F100_s456\\reports\\run_report.md', 'pdf': 'experiments\\2026-06-19_074610_sweep_csam8_dm15.0_dv9.0_F100_s456\\reports\\run_report.pdf'}"
csam8_dm18.0_dv16.0_F100_s123,feasible,True,8,18.0,16.0,100,123,160965.91710395002,160445.60337110015,600.0,6.0,"m1,m2,m3,m4,m5,m10",2.0,21453.545296341905,0.0,0.0,0.0,0.0,20,156.05202388763428,2026-06-19_082937_sweep_csam8_dm18.0_dv16.0_F100_s123,experiments\2026-06-19_082937_sweep_csam8_dm18.0_dv16.0_F100_s123,csam8_dm18.0_dv16.0_F100_s123,8,123,1.0,"{'regular': 'experiments\\2026-06-19_082937_sweep_csam8_dm18.0_dv16.0_F100_s123\\visualizations\\flows_regular.csv', 'qq': 'experiments\\2026-06-19_082937_sweep_csam8_dm18.0_dv16.0_F100_s123\\visualizations\\flows_qq.csv'}","{'markdown': 'experiments\\2026-06-19_082937_sweep_csam8_dm18.0_dv16.0_F100_s123\\reports\\run_report.md', 'pdf': 'experiments\\2026-06-19_082937_sweep_csam8_dm18.0_dv16.0_F100_s123\\reports\\run_report.pdf'}"
csam8_dm18.0_dv16.0_F100_s42,feasible,True,8,18.0,16.0,100,42,168180.70503445974,167580.7051549997,600.0,6.0,"m1,m2,m3,m4,m5,m10",2.0,21784.234636085246,0.0,0.0,0.0,0.0,20,160.42118525505066,2026-06-19_082419_sweep_csam8_dm18.0_dv16.0_F100_s42,experiments\2026-06-19_082419_sweep_csam8_dm18.0_dv16.0_F100_s42,csam8_dm18.0_dv16.0_F100_s42,8,42,1.0,"{'regular': 'experiments\\2026-06-19_082419_sweep_csam8_dm18.0_dv16.0_F100_s42\\visualizations\\flows_regular.csv', 'qq': 'experiments\\2026-06-19_082419_sweep_csam8_dm18.0_dv16.0_F100_s42\\visualizations\\flows_qq.csv'}","{'markdown': 'experiments\\2026-06-19_082419_sweep_csam8_dm18.0_dv16.0_F100_s42\\reports\\run_report.md', 'pdf': 'experiments\\2026-06-19_082419_sweep_csam8_dm18.0_dv16.0_F100_s42\\reports\\run_report.pdf'}"
csam8_dm18.0_dv16.0_F100_s456,feasible,True,8,18.0,16.0,100,456,163454.3328489997,162854.3329319996,600.0,6.0,"m1,m2,m3,m4,m5,m10",2.0,21605.85901980225,0.0,0.0,0.0,0.0,20,156.92347073554993,2026-06-19_082700_sweep_csam8_dm18.0_dv16.0_F100_s456,experiments\2026-06-19_082700_sweep_csam8_dm18.0_dv16.0_F100_s456,csam8_dm18.0_dv16.0_F100_s456,8,456,1.0,"{'regular': 'experiments\\2026-06-19_082700_sweep_csam8_dm18.0_dv16.0_F100_s456\\visualizations\\flows_regular.csv', 'qq': 'experiments\\2026-06-19_082700_sweep_csam8_dm18.0_dv16.0_F100_s456\\visualizations\\flows_qq.csv'}","{'markdown': 'experiments\\2026-06-19_082700_sweep_csam8_dm18.0_dv16.0_F100_s456\\reports\\run_report.md', 'pdf': 'experiments\\2026-06-19_082700_sweep_csam8_dm18.0_dv16.0_F100_s456\\reports\\run_report.pdf'}"
csam8_dm18.0_dv4.0_F100_s123,feasible,True,8,18.0,4.0,100,123,163232.95855150005,162722.80158279993,600.0,6.0,"m1,m2,m3,m4,m5,m10",2.0,21526.772648170954,0.0,0.0,0.0,0.0,20,163.43312621116638,2026-06-19_081303_sweep_csam8_dm18.0_dv4.0_F100_s123,experiments\2026-06-19_081303_sweep_csam8_dm18.0_dv4.0_F100_s123,csam8_dm18.0_dv4.0_F100_s123,8,123,1.0,"{'regular': 'experiments\\2026-06-19_081303_sweep_csam8_dm18.0_dv4.0_F100_s123\\visualizations\\flows_regular.csv', 'qq': 'experiments\\2026-06-19_081303_sweep_csam8_dm18.0_dv4.0_F100_s123\\visualizations\\flows_qq.csv'}","{'markdown': 'experiments\\2026-06-19_081303_sweep_csam8_dm18.0_dv4.0_F100_s123\\reports\\run_report.md', 'pdf': 'experiments\\2026-06-19_081303_sweep_csam8_dm18.0_dv4.0_F100_s123\\reports\\run_report.pdf'}"
csam8_dm18.0_dv4.0_F100_s42,feasible,True,8,18.0,4.0,100,42,166890.35259639978,166290.35286699978,600.0,6.0,"m1,m2,m3,m4,m5,m10",2.0,21692.117318042623,0.0,0.0,0.0,0.0,20,233.7470519542694,2026-06-19_080510_sweep_csam8_dm18.0_dv4.0_F100_s42,experiments\2026-06-19_080510_sweep_csam8_dm18.0_dv4.0_F100_s42,csam8_dm18.0_dv4.0_F100_s42,8,42,1.0,"{'regular': 'experiments\\2026-06-19_080510_sweep_csam8_dm18.0_dv4.0_F100_s42\\visualizations\\flows_regular.csv', 'qq': 'experiments\\2026-06-19_080510_sweep_csam8_dm18.0_dv4.0_F100_s42\\visualizations\\flows_qq.csv'}","{'markdown': 'experiments\\2026-06-19_080510_sweep_csam8_dm18.0_dv4.0_F100_s42\\reports\\run_report.md', 'pdf': 'experiments\\2026-06-19_080510_sweep_csam8_dm18.0_dv4.0_F100_s42\\reports\\run_report.pdf'}"
csam8_dm18.0_dv4.0_F100_s456,feasible,True,8,18.0,4.0,100,456,164527.1663805997,163927.16643439975,600.0,6.0,"m1,m2,m3,m4,m5,m10",2.0,21602.929509901125,0.0,0.0,0.0,0.0,20,239.41805768013,2026-06-19_080903_sweep_csam8_dm18.0_dv4.0_F100_s456,experiments\2026-06-19_080903_sweep_csam8_dm18.0_dv4.0_F100_s456,csam8_dm18.0_dv4.0_F100_s456,8,456,1.0,"{'regular': 'experiments\\2026-06-19_080903_sweep_csam8_dm18.0_dv4.0_F100_s456\\visualizations\\flows_regular.csv', 'qq': 'experiments\\2026-06-19_080903_sweep_csam8_dm18.0_dv4.0_F100_s456\\visualizations\\flows_qq.csv'}","{'markdown': 'experiments\\2026-06-19_080903_sweep_csam8_dm18.0_dv4.0_F100_s456\\reports\\run_report.md', 'pdf': 'experiments\\2026-06-19_080903_sweep_csam8_dm18.0_dv4.0_F100_s456\\reports\\run_report.pdf'}"
csam8_dm18.0_dv9.0_F100_s123,feasible,True,8,18.0,9.0,100,123,162099.4379607501,161584.20252639998,600.0,6.0,"m1,m2,m3,m4,m5,m10",2.0,21490.15897225643,0.0,0.0,0.0,0.0,20,163.95889496803284,2026-06-19_082135_sweep_csam8_dm18.0_dv9.0_F100_s123,experiments\2026-06-19_082135_sweep_csam8_dm18.0_dv9.0_F100_s123,csam8_dm18.0_dv9.0_F100_s123,8,123,1.0,"{'regular': 'experiments\\2026-06-19_082135_sweep_csam8_dm18.0_dv9.0_F100_s123\\visualizations\\flows_regular.csv', 'qq': 'experiments\\2026-06-19_082135_sweep_csam8_dm18.0_dv9.0_F100_s123\\visualizations\\flows_qq.csv'}","{'markdown': 'experiments\\2026-06-19_082135_sweep_csam8_dm18.0_dv9.0_F100_s123\\reports\\run_report.md', 'pdf': 'experiments\\2026-06-19_082135_sweep_csam8_dm18.0_dv9.0_F100_s123\\reports\\run_report.pdf'}"
csam8_dm18.0_dv9.0_F100_s42,feasible,True,8,18.0,9.0,100,42,167535.52882089993,166935.52896221998,600.0,6.0,"m1,m2,m3,m4,m5,m10",2.0,21738.175977063936,0.0,0.0,0.0,0.0,20,161.65965175628662,2026-06-19_081546_sweep_csam8_dm18.0_dv9.0_F100_s42,experiments\2026-06-19_081546_sweep_csam8_dm18.0_dv9.0_F100_s42,csam8_dm18.0_dv9.0_F100_s42,8,42,1.0,"{'regular': 'experiments\\2026-06-19_081546_sweep_csam8_dm18.0_dv9.0_F100_s42\\visualizations\\flows_regular.csv', 'qq': 'experiments\\2026-06-19_081546_sweep_csam8_dm18.0_dv9.0_F100_s42\\visualizations\\flows_qq.csv'}","{'markdown': 'experiments\\2026-06-19_081546_sweep_csam8_dm18.0_dv9.0_F100_s42\\reports\\run_report.md', 'pdf': 'experiments\\2026-06-19_081546_sweep_csam8_dm18.0_dv9.0_F100_s42\\reports\\run_report.pdf'}"
csam8_dm18.0_dv9.0_F100_s456,feasible,True,8,18.0,9.0,100,456,163990.74961739982,163390.74967579986,600.0,6.0,"m1,m2,m3,m4,m5,m10",2.0,21604.394264851686,0.0,0.0,0.0,0.0,20,187.16420793533325,2026-06-19_081828_sweep_csam8_dm18.0_dv9.0_F100_s456,experiments\2026-06-19_081828_sweep_csam8_dm18.0_dv9.0_F100_s456,csam8_dm18.0_dv9.0_F100_s456,8,456,1.0,"{'regular': 'experiments\\2026-06-19_081828_sweep_csam8_dm18.0_dv9.0_F100_s456\\visualizations\\flows_regular.csv', 'qq': 'experiments\\2026-06-19_081828_sweep_csam8_dm18.0_dv9.0_F100_s456\\visualizations\\flows_qq.csv'}","{'markdown': 'experiments\\2026-06-19_081828_sweep_csam8_dm18.0_dv9.0_F100_s456\\reports\\run_report.md', 'pdf': 'experiments\\2026-06-19_081828_sweep_csam8_dm18.0_dv9.0_F100_s456\\reports\\run_report.pdf'}"
csam9_dm12.0_dv16.0_F100_s123,feasible,True,9,12.0,16.0,100,123,78201.19099170003,78001.19099170003,200.0,2.0,"m1,m2",7.0,14255.137737688196,0.0,0.0,0.0,0.0,20,154.93892574310303,2026-06-19_085321_sweep_csam9_dm12.0_dv16.0_F100_s123,experiments\2026-06-19_085321_sweep_csam9_dm12.0_dv16.0_F100_s123,csam9_dm12.0_dv16.0_F100_s123,9,123,1.0,"{'regular': 'experiments\\2026-06-19_085321_sweep_csam9_dm12.0_dv16.0_F100_s123\\visualizations\\flows_regular.csv', 'qq': 'experiments\\2026-06-19_085321_sweep_csam9_dm12.0_dv16.0_F100_s123\\visualizations\\flows_qq.csv'}","{'markdown': 'experiments\\2026-06-19_085321_sweep_csam9_dm12.0_dv16.0_F100_s123\\reports\\run_report.md', 'pdf': 'experiments\\2026-06-19_085321_sweep_csam9_dm12.0_dv16.0_F100_s123\\reports\\run_report.pdf'}"
csam9_dm12.0_dv16.0_F100_s42,feasible,True,9,12.0,16.0,100,42,85301.36667587011,85101.36673787018,200.0,2.0,"m1,m10",7.0,14585.199705445524,0.0,0.0,0.0,0.0,20,156.11972546577454,2026-06-19_084810_sweep_csam9_dm12.0_dv16.0_F100_s42,experiments\2026-06-19_084810_sweep_csam9_dm12.0_dv16.0_F100_s42,csam9_dm12.0_dv16.0_F100_s42,9,42,1.0,"{'regular': 'experiments\\2026-06-19_084810_sweep_csam9_dm12.0_dv16.0_F100_s42\\visualizations\\flows_regular.csv', 'qq': 'experiments\\2026-06-19_084810_sweep_csam9_dm12.0_dv16.0_F100_s42\\visualizations\\flows_qq.csv'}","{'markdown': 'experiments\\2026-06-19_084810_sweep_csam9_dm12.0_dv16.0_F100_s42\\reports\\run_report.md', 'pdf': 'experiments\\2026-06-19_084810_sweep_csam9_dm12.0_dv16.0_F100_s42\\reports\\run_report.pdf'}"
csam9_dm12.0_dv16.0_F100_s456,feasible,True,9,12.0,16.0,100,456,80572.85519202014,80372.85519202014,200.0,2.0,"m1,m10",7.0,14405.859019802248,0.0,0.0,0.0,0.0,20,154.6124529838562,2026-06-19_085047_sweep_csam9_dm12.0_dv16.0_F100_s456,experiments\2026-06-19_085047_sweep_csam9_dm12.0_dv16.0_F100_s456,csam9_dm12.0_dv16.0_F100_s456,9,456,1.0,"{'regular': 'experiments\\2026-06-19_085047_sweep_csam9_dm12.0_dv16.0_F100_s456\\visualizations\\flows_regular.csv', 'qq': 'experiments\\2026-06-19_085047_sweep_csam9_dm12.0_dv16.0_F100_s456\\visualizations\\flows_qq.csv'}","{'markdown': 'experiments\\2026-06-19_085047_sweep_csam9_dm12.0_dv16.0_F100_s456\\reports\\run_report.md', 'pdf': 'experiments\\2026-06-19_085047_sweep_csam9_dm12.0_dv16.0_F100_s456\\reports\\run_report.pdf'}"
csam9_dm12.0_dv4.0_F100_s123,feasible,True,9,12.0,4.0,100,123,80422.8586729549,80222.8586729549,200.0,2.0,"m1,m10",7.0,14326.772648170952,0.0,0.0,0.0,0.0,20,154.93634343147278,2026-06-19_083726_sweep_csam9_dm12.0_dv4.0_F100_s123,experiments\2026-06-19_083726_sweep_csam9_dm12.0_dv4.0_F100_s123,csam9_dm12.0_dv4.0_F100_s123,9,123,1.0,"{'regular': 'experiments\\2026-06-19_083726_sweep_csam9_dm12.0_dv4.0_F100_s123\\visualizations\\flows_regular.csv', 'qq': 'experiments\\2026-06-19_083726_sweep_csam9_dm12.0_dv4.0_F100_s123\\visualizations\\flows_qq.csv'}","{'markdown': 'experiments\\2026-06-19_083726_sweep_csam9_dm12.0_dv4.0_F100_s123\\reports\\run_report.md', 'pdf': 'experiments\\2026-06-19_083726_sweep_csam9_dm12.0_dv4.0_F100_s123\\reports\\run_report.pdf'}"
csam9_dm12.0_dv4.0_F100_s42,feasible,True,9,12.0,4.0,100,42,83990.35270049996,83790.35270049996,200.0,2.0,"m1,m10",7.0,14492.117318042623,0.0,0.0,0.0,0.0,20,157.24773478507996,2026-06-19_083213_sweep_csam9_dm12.0_dv4.0_F100_s42,experiments\2026-06-19_083213_sweep_csam9_dm12.0_dv4.0_F100_s42,csam9_dm12.0_dv4.0_F100_s42,9,42,1.0,"{'regular': 'experiments\\2026-06-19_083213_sweep_csam9_dm12.0_dv4.0_F100_s42\\visualizations\\flows_regular.csv', 'qq': 'experiments\\2026-06-19_083213_sweep_csam9_dm12.0_dv4.0_F100_s42\\visualizations\\flows_qq.csv'}","{'markdown': 'experiments\\2026-06-19_083213_sweep_csam9_dm12.0_dv4.0_F100_s42\\reports\\run_report.md', 'pdf': 'experiments\\2026-06-19_083213_sweep_csam9_dm12.0_dv4.0_F100_s42\\reports\\run_report.pdf'}"
csam9_dm12.0_dv4.0_F100_s456,feasible,True,9,12.0,4.0,100,456,81627.16649739999,81427.16649739999,200.0,2.0,"m1,m10",7.0,14402.929509901125,0.0,0.0,0.0,0.0,20,155.99254155158997,2026-06-19_083450_sweep_csam9_dm12.0_dv4.0_F100_s456,experiments\2026-06-19_083450_sweep_csam9_dm12.0_dv4.0_F100_s456,csam9_dm12.0_dv4.0_F100_s456,9,456,1.0,"{'regular': 'experiments\\2026-06-19_083450_sweep_csam9_dm12.0_dv4.0_F100_s456\\visualizations\\flows_regular.csv', 'qq': 'experiments\\2026-06-19_083450_sweep_csam9_dm12.0_dv4.0_F100_s456\\visualizations\\flows_qq.csv'}","{'markdown': 'experiments\\2026-06-19_083450_sweep_csam9_dm12.0_dv4.0_F100_s456\\reports\\run_report.md', 'pdf': 'experiments\\2026-06-19_083450_sweep_csam9_dm12.0_dv4.0_F100_s456\\reports\\run_report.pdf'}"
csam9_dm12.0_dv9.0_F100_s123,feasible,True,9,12.0,9.0,100,123,79296.41559145013,79096.41559145013,200.0,2.0,"m1,m2",7.0,14290.15897225643,0.0,0.0,0.0,0.0,20,167.2235131263733,2026-06-19_084523_sweep_csam9_dm12.0_dv9.0_F100_s123,experiments\2026-06-19_084523_sweep_csam9_dm12.0_dv9.0_F100_s123,csam9_dm12.0_dv9.0_F100_s123,9,123,1.0,"{'regular': 'experiments\\2026-06-19_084523_sweep_csam9_dm12.0_dv9.0_F100_s123\\visualizations\\flows_regular.csv', 'qq': 'experiments\\2026-06-19_084523_sweep_csam9_dm12.0_dv9.0_F100_s123\\visualizations\\flows_qq.csv'}","{'markdown': 'experiments\\2026-06-19_084523_sweep_csam9_dm12.0_dv9.0_F100_s123\\reports\\run_report.md', 'pdf': 'experiments\\2026-06-19_084523_sweep_csam9_dm12.0_dv9.0_F100_s123\\reports\\run_report.pdf'}"
csam9_dm12.0_dv9.0_F100_s42,feasible,True,9,12.0,9.0,100,42,84635.52893490001,84435.52893490001,200.0,2.0,"m1,m10",7.0,14538.175977063936,0.0,0.0,0.0,0.0,20,164.1965789794922,2026-06-19_084001_sweep_csam9_dm12.0_dv9.0_F100_s42,experiments\2026-06-19_084001_sweep_csam9_dm12.0_dv9.0_F100_s42,csam9_dm12.0_dv9.0_F100_s42,9,42,1.0,"{'regular': 'experiments\\2026-06-19_084001_sweep_csam9_dm12.0_dv9.0_F100_s42\\visualizations\\flows_regular.csv', 'qq': 'experiments\\2026-06-19_084001_sweep_csam9_dm12.0_dv9.0_F100_s42\\visualizations\\flows_qq.csv'}","{'markdown': 'experiments\\2026-06-19_084001_sweep_csam9_dm12.0_dv9.0_F100_s42\\reports\\run_report.md', 'pdf': 'experiments\\2026-06-19_084001_sweep_csam9_dm12.0_dv9.0_F100_s42\\reports\\run_report.pdf'}"
csam9_dm12.0_dv9.0_F100_s456,feasible,True,9,12.0,9.0,100,456,81096.13055125001,80896.13055125001,200.0,2.0,"m1,m10",7.0,14404.394264851688,0.0,0.0,0.0,0.0,20,157.3406994342804,2026-06-19_084246_sweep_csam9_dm12.0_dv9.0_F100_s456,experiments\2026-06-19_084246_sweep_csam9_dm12.0_dv9.0_F100_s456,csam9_dm12.0_dv9.0_F100_s456,9,456,1.0,"{'regular': 'experiments\\2026-06-19_084246_sweep_csam9_dm12.0_dv9.0_F100_s456\\visualizations\\flows_regular.csv', 'qq': 'experiments\\2026-06-19_084246_sweep_csam9_dm12.0_dv9.0_F100_s456\\visualizations\\flows_qq.csv'}","{'markdown': 'experiments\\2026-06-19_084246_sweep_csam9_dm12.0_dv9.0_F100_s456\\reports\\run_report.md', 'pdf': 'experiments\\2026-06-19_084246_sweep_csam9_dm12.0_dv9.0_F100_s456\\reports\\run_report.pdf'}"
csam9_dm15.0_dv16.0_F100_s123,feasible,True,9,15.0,16.0,100,123,119549.05979829999,119195.6033207999,400.0,4.0,"m1,m2,m3,m10",5.0,17853.545296341905,0.0,0.0,0.0,0.0,20,152.8230197429657,2026-06-19_091637_sweep_csam9_dm15.0_dv16.0_F100_s123,experiments\2026-06-19_091637_sweep_csam9_dm15.0_dv16.0_F100_s123,csam9_dm15.0_dv16.0_F100_s123,9,123,1.0,"{'regular': 'experiments\\2026-06-19_091637_sweep_csam9_dm15.0_dv16.0_F100_s123\\visualizations\\flows_regular.csv', 'qq': 'experiments\\2026-06-19_091637_sweep_csam9_dm15.0_dv16.0_F100_s123\\visualizations\\flows_qq.csv'}","{'markdown': 'experiments\\2026-06-19_091637_sweep_csam9_dm15.0_dv16.0_F100_s123\\reports\\run_report.md', 'pdf': 'experiments\\2026-06-19_091637_sweep_csam9_dm15.0_dv16.0_F100_s123\\reports\\run_report.pdf'}"
csam9_dm15.0_dv16.0_F100_s42,feasible,True,9,15.0,16.0,100,42,126730.7051408,126330.7051408,400.0,4.0,"m1,m2,m3,m10",5.0,18184.234636085246,0.0,0.0,0.0,0.0,20,154.4038429260254,2026-06-19_091129_sweep_csam9_dm15.0_dv16.0_F100_s42,experiments\2026-06-19_091129_sweep_csam9_dm15.0_dv16.0_F100_s42,csam9_dm15.0_dv16.0_F100_s42,9,42,1.0,"{'regular': 'experiments\\2026-06-19_091129_sweep_csam9_dm15.0_dv16.0_F100_s42\\visualizations\\flows_regular.csv', 'qq': 'experiments\\2026-06-19_091129_sweep_csam9_dm15.0_dv16.0_F100_s42\\visualizations\\flows_qq.csv'}","{'markdown': 'experiments\\2026-06-19_091129_sweep_csam9_dm15.0_dv16.0_F100_s42\\reports\\run_report.md', 'pdf': 'experiments\\2026-06-19_091129_sweep_csam9_dm15.0_dv16.0_F100_s42\\reports\\run_report.pdf'}"
csam9_dm15.0_dv16.0_F100_s456,feasible,True,9,15.0,16.0,100,456,122004.3328719,121604.33291490003,400.0,4.0,"m1,m2,m3,m10",5.0,18005.85901980225,0.0,0.0,0.0,0.0,20,152.8151490688324,2026-06-19_091404_sweep_csam9_dm15.0_dv16.0_F100_s456,experiments\2026-06-19_091404_sweep_csam9_dm15.0_dv16.0_F100_s456,csam9_dm15.0_dv16.0_F100_s456,9,456,1.0,"{'regular': 'experiments\\2026-06-19_091404_sweep_csam9_dm15.0_dv16.0_F100_s456\\visualizations\\flows_regular.csv', 'qq': 'experiments\\2026-06-19_091404_sweep_csam9_dm15.0_dv16.0_F100_s456\\visualizations\\flows_qq.csv'}","{'markdown': 'experiments\\2026-06-19_091404_sweep_csam9_dm15.0_dv16.0_F100_s456\\reports\\run_report.md', 'pdf': 'experiments\\2026-06-19_091404_sweep_csam9_dm15.0_dv16.0_F100_s456\\reports\\run_report.pdf'}"
csam9_dm15.0_dv4.0_F100_s123,feasible,True,9,15.0,4.0,100,123,121872.80153419999,121472.8016425999,400.0,4.0,"m1,m2,m3,m10",5.0,17926.772648170954,0.0,0.0,0.0,0.0,20,153.6042833328247,2026-06-19_090107_sweep_csam9_dm15.0_dv4.0_F100_s123,experiments\2026-06-19_090107_sweep_csam9_dm15.0_dv4.0_F100_s123,csam9_dm15.0_dv4.0_F100_s123,9,123,1.0,"{'regular': 'experiments\\2026-06-19_090107_sweep_csam9_dm15.0_dv4.0_F100_s123\\visualizations\\flows_regular.csv', 'qq': 'experiments\\2026-06-19_090107_sweep_csam9_dm15.0_dv4.0_F100_s123\\visualizations\\flows_qq.csv'}","{'markdown': 'experiments\\2026-06-19_090107_sweep_csam9_dm15.0_dv4.0_F100_s123\\reports\\run_report.md', 'pdf': 'experiments\\2026-06-19_090107_sweep_csam9_dm15.0_dv4.0_F100_s123\\reports\\run_report.pdf'}"
csam9_dm15.0_dv4.0_F100_s42,feasible,True,9,15.0,4.0,100,42,125440.35267949986,125040.35275649995,400.0,4.0,"m1,m2,m3,m10",5.0,18092.117318042623,0.0,0.0,0.0,0.0,20,156.24148678779602,2026-06-19_085556_sweep_csam9_dm15.0_dv4.0_F100_s42,experiments\2026-06-19_085556_sweep_csam9_dm15.0_dv4.0_F100_s42,csam9_dm15.0_dv4.0_F100_s42,9,42,1.0,"{'regular': 'experiments\\2026-06-19_085556_sweep_csam9_dm15.0_dv4.0_F100_s42\\visualizations\\flows_regular.csv', 'qq': 'experiments\\2026-06-19_085556_sweep_csam9_dm15.0_dv4.0_F100_s42\\visualizations\\flows_qq.csv'}","{'markdown': 'experiments\\2026-06-19_085556_sweep_csam9_dm15.0_dv4.0_F100_s42\\reports\\run_report.md', 'pdf': 'experiments\\2026-06-19_085556_sweep_csam9_dm15.0_dv4.0_F100_s42\\reports\\run_report.pdf'}"
csam9_dm15.0_dv4.0_F100_s456,feasible,True,9,15.0,4.0,100,456,123077.16635609996,122677.16648069998,400.0,4.0,"m1,m2,m3,m10",5.0,18002.929509901125,0.0,0.0,0.0,0.0,20,154.82610368728638,2026-06-19_085833_sweep_csam9_dm15.0_dv4.0_F100_s456,experiments\2026-06-19_085833_sweep_csam9_dm15.0_dv4.0_F100_s456,csam9_dm15.0_dv4.0_F100_s456,9,456,1.0,"{'regular': 'experiments\\2026-06-19_085833_sweep_csam9_dm15.0_dv4.0_F100_s456\\visualizations\\flows_regular.csv', 'qq': 'experiments\\2026-06-19_085833_sweep_csam9_dm15.0_dv4.0_F100_s456\\visualizations\\flows_qq.csv'}","{'markdown': 'experiments\\2026-06-19_085833_sweep_csam9_dm15.0_dv4.0_F100_s456\\reports\\run_report.md', 'pdf': 'experiments\\2026-06-19_085833_sweep_csam9_dm15.0_dv4.0_F100_s456\\reports\\run_report.pdf'}"
csam9_dm15.0_dv9.0_F100_s123,feasible,True,9,15.0,9.0,100,123,120734.20251700007,120334.20257780007,400.0,4.0,"m1,m2,m3,m10",5.0,17890.15897225643,0.0,0.0,0.0,0.0,20,157.07919645309448,2026-06-19_090852_sweep_csam9_dm15.0_dv9.0_F100_s123,experiments\2026-06-19_090852_sweep_csam9_dm15.0_dv9.0_F100_s123,csam9_dm15.0_dv9.0_F100_s123,9,123,1.0,"{'regular': 'experiments\\2026-06-19_090852_sweep_csam9_dm15.0_dv9.0_F100_s123\\visualizations\\flows_regular.csv', 'qq': 'experiments\\2026-06-19_090852_sweep_csam9_dm15.0_dv9.0_F100_s123\\visualizations\\flows_qq.csv'}","{'markdown': 'experiments\\2026-06-19_090852_sweep_csam9_dm15.0_dv9.0_F100_s123\\reports\\run_report.md', 'pdf': 'experiments\\2026-06-19_090852_sweep_csam9_dm15.0_dv9.0_F100_s123\\reports\\run_report.pdf'}"
csam9_dm15.0_dv9.0_F100_s42,feasible,True,9,15.0,9.0,100,42,126085.52886380002,125685.52894419998,400.0,4.0,"m1,m2,m3,m10",5.0,18138.175977063936,0.0,0.0,0.0,0.0,20,156.42202830314636,2026-06-19_090341_sweep_csam9_dm15.0_dv9.0_F100_s42,experiments\2026-06-19_090341_sweep_csam9_dm15.0_dv9.0_F100_s42,csam9_dm15.0_dv9.0_F100_s42,9,42,1.0,"{'regular': 'experiments\\2026-06-19_090341_sweep_csam9_dm15.0_dv9.0_F100_s42\\visualizations\\flows_regular.csv', 'qq': 'experiments\\2026-06-19_090341_sweep_csam9_dm15.0_dv9.0_F100_s42\\visualizations\\flows_qq.csv'}","{'markdown': 'experiments\\2026-06-19_090341_sweep_csam9_dm15.0_dv9.0_F100_s42\\reports\\run_report.md', 'pdf': 'experiments\\2026-06-19_090341_sweep_csam9_dm15.0_dv9.0_F100_s42\\reports\\run_report.pdf'}"
csam9_dm15.0_dv9.0_F100_s456,feasible,True,9,15.0,9.0,100,456,122540.74962380005,122140.74972540005,400.0,4.0,"m1,m2,m3,m10",5.0,18004.394264851686,0.0,0.0,0.0,0.0,20,154.66186714172363,2026-06-19_090618_sweep_csam9_dm15.0_dv9.0_F100_s456,experiments\2026-06-19_090618_sweep_csam9_dm15.0_dv9.0_F100_s456,csam9_dm15.0_dv9.0_F100_s456,9,456,1.0,"{'regular': 'experiments\\2026-06-19_090618_sweep_csam9_dm15.0_dv9.0_F100_s456\\visualizations\\flows_regular.csv', 'qq': 'experiments\\2026-06-19_090618_sweep_csam9_dm15.0_dv9.0_F100_s456\\visualizations\\flows_qq.csv'}","{'markdown': 'experiments\\2026-06-19_090618_sweep_csam9_dm15.0_dv9.0_F100_s456\\reports\\run_report.md', 'pdf': 'experiments\\2026-06-19_090618_sweep_csam9_dm15.0_dv9.0_F100_s456\\reports\\run_report.pdf'}"
csam9_dm18.0_dv16.0_F100_s123,feasible,True,9,18.0,16.0,100,123,160965.91710395002,160445.60337110015,600.0,6.0,"m1,m2,m3,m4,m5,m10",3.0,21453.545296341905,0.0,0.0,0.0,0.0,20,153.50792169570923,2026-06-19_093959_sweep_csam9_dm18.0_dv16.0_F100_s123,experiments\2026-06-19_093959_sweep_csam9_dm18.0_dv16.0_F100_s123,csam9_dm18.0_dv16.0_F100_s123,9,123,1.0,"{'regular': 'experiments\\2026-06-19_093959_sweep_csam9_dm18.0_dv16.0_F100_s123\\visualizations\\flows_regular.csv', 'qq': 'experiments\\2026-06-19_093959_sweep_csam9_dm18.0_dv16.0_F100_s123\\visualizations\\flows_qq.csv'}","{'markdown': 'experiments\\2026-06-19_093959_sweep_csam9_dm18.0_dv16.0_F100_s123\\reports\\run_report.md', 'pdf': 'experiments\\2026-06-19_093959_sweep_csam9_dm18.0_dv16.0_F100_s123\\reports\\run_report.pdf'}"
csam9_dm18.0_dv16.0_F100_s42,feasible,True,9,18.0,16.0,100,42,168180.70503445974,167580.7051549997,600.0,6.0,"m1,m2,m3,m4,m5,m10",3.0,21784.234636085246,0.0,0.0,0.0,0.0,20,155.80913591384888,2026-06-19_093449_sweep_csam9_dm18.0_dv16.0_F100_s42,experiments\2026-06-19_093449_sweep_csam9_dm18.0_dv16.0_F100_s42,csam9_dm18.0_dv16.0_F100_s42,9,42,1.0,"{'regular': 'experiments\\2026-06-19_093449_sweep_csam9_dm18.0_dv16.0_F100_s42\\visualizations\\flows_regular.csv', 'qq': 'experiments\\2026-06-19_093449_sweep_csam9_dm18.0_dv16.0_F100_s42\\visualizations\\flows_qq.csv'}","{'markdown': 'experiments\\2026-06-19_093449_sweep_csam9_dm18.0_dv16.0_F100_s42\\reports\\run_report.md', 'pdf': 'experiments\\2026-06-19_093449_sweep_csam9_dm18.0_dv16.0_F100_s42\\reports\\run_report.pdf'}"
csam9_dm18.0_dv16.0_F100_s456,feasible,True,9,18.0,16.0,100,456,163454.3328489997,162854.3329319996,600.0,6.0,"m1,m2,m3,m4,m5,m10",3.0,21605.85901980225,0.0,0.0,0.0,0.0,20,153.87204885482788,2026-06-19_093725_sweep_csam9_dm18.0_dv16.0_F100_s456,experiments\2026-06-19_093725_sweep_csam9_dm18.0_dv16.0_F100_s456,csam9_dm18.0_dv16.0_F100_s456,9,456,1.0,"{'regular': 'experiments\\2026-06-19_093725_sweep_csam9_dm18.0_dv16.0_F100_s456\\visualizations\\flows_regular.csv', 'qq': 'experiments\\2026-06-19_093725_sweep_csam9_dm18.0_dv16.0_F100_s456\\visualizations\\flows_qq.csv'}","{'markdown': 'experiments\\2026-06-19_093725_sweep_csam9_dm18.0_dv16.0_F100_s456\\reports\\run_report.md', 'pdf': 'experiments\\2026-06-19_093725_sweep_csam9_dm18.0_dv16.0_F100_s456\\reports\\run_report.pdf'}"
csam9_dm18.0_dv4.0_F100_s123,feasible,True,9,18.0,4.0,100,123,163232.95855150005,162722.80158279993,600.0,6.0,"m1,m2,m3,m4,m5,m10",3.0,21526.772648170954,0.0,0.0,0.0,0.0,20,156.09210228919983,2026-06-19_092422_sweep_csam9_dm18.0_dv4.0_F100_s123,experiments\2026-06-19_092422_sweep_csam9_dm18.0_dv4.0_F100_s123,csam9_dm18.0_dv4.0_F100_s123,9,123,1.0,"{'regular': 'experiments\\2026-06-19_092422_sweep_csam9_dm18.0_dv4.0_F100_s123\\visualizations\\flows_regular.csv', 'qq': 'experiments\\2026-06-19_092422_sweep_csam9_dm18.0_dv4.0_F100_s123\\visualizations\\flows_qq.csv'}","{'markdown': 'experiments\\2026-06-19_092422_sweep_csam9_dm18.0_dv4.0_F100_s123\\reports\\run_report.md', 'pdf': 'experiments\\2026-06-19_092422_sweep_csam9_dm18.0_dv4.0_F100_s123\\reports\\run_report.pdf'}"
csam9_dm18.0_dv4.0_F100_s42,feasible,True,9,18.0,4.0,100,42,166890.35259639978,166290.35286699978,600.0,6.0,"m1,m2,m3,m4,m5,m10",3.0,21692.117318042623,0.0,0.0,0.0,0.0,20,155.8049976825714,2026-06-19_091910_sweep_csam9_dm18.0_dv4.0_F100_s42,experiments\2026-06-19_091910_sweep_csam9_dm18.0_dv4.0_F100_s42,csam9_dm18.0_dv4.0_F100_s42,9,42,1.0,"{'regular': 'experiments\\2026-06-19_091910_sweep_csam9_dm18.0_dv4.0_F100_s42\\visualizations\\flows_regular.csv', 'qq': 'experiments\\2026-06-19_091910_sweep_csam9_dm18.0_dv4.0_F100_s42\\visualizations\\flows_qq.csv'}","{'markdown': 'experiments\\2026-06-19_091910_sweep_csam9_dm18.0_dv4.0_F100_s42\\reports\\run_report.md', 'pdf': 'experiments\\2026-06-19_091910_sweep_csam9_dm18.0_dv4.0_F100_s42\\reports\\run_report.pdf'}"
csam9_dm18.0_dv4.0_F100_s456,feasible,True,9,18.0,4.0,100,456,164527.1663805997,163927.16643439975,600.0,6.0,"m1,m2,m3,m4,m5,m10",3.0,21602.929509901125,0.0,0.0,0.0,0.0,20,156.78159141540527,2026-06-19_092146_sweep_csam9_dm18.0_dv4.0_F100_s456,experiments\2026-06-19_092146_sweep_csam9_dm18.0_dv4.0_F100_s456,csam9_dm18.0_dv4.0_F100_s456,9,456,1.0,"{'regular': 'experiments\\2026-06-19_092146_sweep_csam9_dm18.0_dv4.0_F100_s456\\visualizations\\flows_regular.csv', 'qq': 'experiments\\2026-06-19_092146_sweep_csam9_dm18.0_dv4.0_F100_s456\\visualizations\\flows_qq.csv'}","{'markdown': 'experiments\\2026-06-19_092146_sweep_csam9_dm18.0_dv4.0_F100_s456\\reports\\run_report.md', 'pdf': 'experiments\\2026-06-19_092146_sweep_csam9_dm18.0_dv4.0_F100_s456\\reports\\run_report.pdf'}"
csam9_dm18.0_dv9.0_F100_s123,feasible,True,9,18.0,9.0,100,123,162099.4379607501,161584.20252639998,600.0,6.0,"m1,m2,m3,m4,m5,m10",3.0,21490.15897225643,0.0,0.0,0.0,0.0,20,157.24033904075623,2026-06-19_093212_sweep_csam9_dm18.0_dv9.0_F100_s123,experiments\2026-06-19_093212_sweep_csam9_dm18.0_dv9.0_F100_s123,csam9_dm18.0_dv9.0_F100_s123,9,123,1.0,"{'regular': 'experiments\\2026-06-19_093212_sweep_csam9_dm18.0_dv9.0_F100_s123\\visualizations\\flows_regular.csv', 'qq': 'experiments\\2026-06-19_093212_sweep_csam9_dm18.0_dv9.0_F100_s123\\visualizations\\flows_qq.csv'}","{'markdown': 'experiments\\2026-06-19_093212_sweep_csam9_dm18.0_dv9.0_F100_s123\\reports\\run_report.md', 'pdf': 'experiments\\2026-06-19_093212_sweep_csam9_dm18.0_dv9.0_F100_s123\\reports\\run_report.pdf'}"
csam9_dm18.0_dv9.0_F100_s42,feasible,True,9,18.0,9.0,100,42,167535.52882089993,166935.52896221998,600.0,6.0,"m1,m2,m3,m4,m5,m10",3.0,21738.175977063936,0.0,0.0,0.0,0.0,20,157.08460116386414,2026-06-19_092659_sweep_csam9_dm18.0_dv9.0_F100_s42,experiments\2026-06-19_092659_sweep_csam9_dm18.0_dv9.0_F100_s42,csam9_dm18.0_dv9.0_F100_s42,9,42,1.0,"{'regular': 'experiments\\2026-06-19_092659_sweep_csam9_dm18.0_dv9.0_F100_s42\\visualizations\\flows_regular.csv', 'qq': 'experiments\\2026-06-19_092659_sweep_csam9_dm18.0_dv9.0_F100_s42\\visualizations\\flows_qq.csv'}","{'markdown': 'experiments\\2026-06-19_092659_sweep_csam9_dm18.0_dv9.0_F100_s42\\reports\\run_report.md', 'pdf': 'experiments\\2026-06-19_092659_sweep_csam9_dm18.0_dv9.0_F100_s42\\reports\\run_report.pdf'}"
csam9_dm18.0_dv9.0_F100_s456,feasible,True,9,18.0,9.0,100,456,163990.74961739982,163390.74967579986,600.0,6.0,"m1,m2,m3,m4,m5,m10",3.0,21604.394264851686,0.0,0.0,0.0,0.0,20,156.34829235076904,2026-06-19_092936_sweep_csam9_dm18.0_dv9.0_F100_s456,experiments\2026-06-19_092936_sweep_csam9_dm18.0_dv9.0_F100_s456,csam9_dm18.0_dv9.0_F100_s456,9,456,1.0,"{'regular': 'experiments\\2026-06-19_092936_sweep_csam9_dm18.0_dv9.0_F100_s456\\visualizations\\flows_regular.csv', 'qq': 'experiments\\2026-06-19_092936_sweep_csam9_dm18.0_dv9.0_F100_s456\\visualizations\\flows_qq.csv'}","{'markdown': 'experiments\\2026-06-19_092936_sweep_csam9_dm18.0_dv9.0_F100_s456\\reports\\run_report.md', 'pdf': 'experiments\\2026-06-19_092936_sweep_csam9_dm18.0_dv9.0_F100_s456\\reports\\run_report.pdf'}"
