{
  "run_id": "2026-06-11_170431_run_maxCSAM5_maxCSAM5",
  "max_csam_facilities": 5,
  "seed": 456,
  "objective": 39383907.43968001,
  "deployed_count": 0,
  "deployed_facilities": [],
  "iterations": 10,
  "runtime_seconds": 3.861307382583618
}